lemma	sense	pos	definitionEn	definitionZh	usageExplanationZh	exampleEn	exampleZh	collocations
engulf	verb	verb	to surround and cover something completely, often suddenly and destructively	吞沒；淹沒；籠罩	常見主詞為火、水、恐慌等，表示迅速且徹底地包圍或吞噬；也可用於情緒，如 engulfed in guilt。	Flames quickly engulfed the entire building.	火焰迅速吞沒了整棟建築物。	[{"text":"engulfed in flames","meaningZh":"被火焰吞噬"}]
enhance	verb	verb	to improve the quality, value, or attractiveness of something	提升；增強；美化	常接 reputation、flavor、experience 等抽象或感官名詞，語氣正面；不用於改善人的品德。	The new lighting really enhances the room's atmosphere.	新的燈光確實提升了房間的氛圍。	[{"text":"enhance performance","meaningZh":"提升表現"}]
enigmatic	adjective	adjective	difficult to understand or interpret; mysterious	難以理解的；神祕的；令人費解的	常修飾 smile、figure、statement，帶有引人好奇、無法完全看透的意味，語氣偏文學。	She gave an enigmatic smile and said nothing more.	她露出一個神祕的微笑，什麼也沒再多說。	[{"text":"an enigmatic smile","meaningZh":"神祕的微笑"}]
enlist	verb	verb	to join the armed forces	從軍；入伍	不及物動詞，常接 in，如 enlist in the army；指主動報名加入軍隊。	He decided to enlist in the navy after high school.	他高中畢業後決定加入海軍。	[{"text":"enlist in the army","meaningZh":"入伍從軍"}]
enlist	verb_help	verb	to obtain someone's help or support for a task	徵求（協助或支持）	及物動詞，常見 enlist someone's help/support，指設法讓他人加入協助行列。	The charity enlisted volunteers to help with the cleanup.	這個慈善機構徵求志工協助清理工作。	[{"text":"enlist someone's help","meaningZh":"尋求某人的協助"}]
enormity	noun	noun	the great or overwhelming size, seriousness, or extent of something, especially something difficult or bad	（事情的）嚴重性；龐大程度	常搭配 the enormity of the situation/task/tragedy，強調規模或後果之巨大，帶有壓迫感；不宜當作 enormousness 的一般同義詞使用。	It took her a while to grasp the enormity of the disaster.	她花了一段時間才理解這場災難的嚴重程度。	[{"text":"the enormity of the task","meaningZh":"任務的艱鉅程度"}]
enormous	adjective	adjective	extremely large in size, extent, or degree	巨大的；龐大的	可修飾具體事物（an enormous building）或抽象概念（enormous pressure），語氣中性，比 huge 稍正式。	The company invested an enormous amount of money in research.	這家公司投入了龐大的資金在研究上。	[{"text":"an enormous amount of","meaningZh":"大量的"}]
enquire	verb	verb	to ask for information	詢問；打聽	英式英語常用拼法（美式多用 inquire）；常接 about 或直接引述問句，語氣正式。	She called to enquire about the opening hours.	她打電話詢問營業時間。	[{"text":"enquire about","meaningZh":"詢問有關……的事"}]
enrage	verb	verb	to provoke someone to intense rage or fury	激怒；使暴怒	及物動詞，常用被動 be enraged by/at，語氣比 anger 更強烈。	The unfair verdict enraged the victim's family.	不公的判決讓受害者家屬非常憤怒。	[{"text":"enraged by the decision","meaningZh":"被這項決定激怒"}]
enroll	verb	verb	to register officially as a member, participant, or student	註冊；登記入學（或入會）	常接 in/on，如 enroll in a course；也可用於 enroll someone（讓某人）加入。	She enrolled in an evening Spanish class.	她報名參加了一堂晚間西班牙語課程。	[{"text":"enroll in a course","meaningZh":"報名課程"}]
enrollment	noun	noun	the act of enrolling, or the number of people enrolled	註冊；入學人數	可指註冊這個動作，也可指在學/入會的總人數，如 enrollment figures。	The school reported a drop in enrollment this year.	這所學校今年的入學人數下降了。	[{"text":"student enrollment","meaningZh":"學生註冊人數"}]
ensemble	noun	noun	a group of musicians, actors, or dancers who perform together	（音樂、戲劇等的）合奏團；全體演出人員	常見於 a jazz/dance ensemble；也可指服裝的整體搭配（an ensemble of clothes）。	The jazz ensemble performed for over two hours.	這個爵士樂團演出了超過兩個小時。	[{"text":"a chamber ensemble","meaningZh":"室內樂團"}]
enshrine	verb	verb	to preserve a right, tradition, or idea in a form that ensures it is protected	（正式）將……載入（法律、憲法等）以確保保障	常見 enshrine a right in law/the constitution，語氣正式，強調賦予制度性保障。	The right to free speech is enshrined in the constitution.	言論自由的權利被載入憲法之中，受到保障。	[{"text":"enshrined in law","meaningZh":"載入法律受到保障"}]
enslave	verb	verb	to make someone a slave, or to deprive someone of freedom and control over their own life	奴役；使成為奴隸	可用於歷史上的實際奴役，也可比喻性地指被某事物（如毒品、科技）控制而失去自主。	The regime enslaved thousands of prisoners of war.	該政權奴役了數千名戰俘。	[{"text":"enslave a population","meaningZh":"奴役一地的人民"}]
ensue	verb	verb	to happen after or as a result of something else	隨之發生；接著發生	不及物動詞，常見於描述事件先後順序，如 chaos/silence ensued；語氣正式，多用於書面。	A heated argument ensued after the announcement.	公告發布後，隨即爆發了一場激烈的爭論。	[{"text":"chaos ensued","meaningZh":"混亂隨之而來"}]
entail	verb	verb	to involve something as a necessary part or consequence	必然包含；需要	及物動詞，後接名詞或動名詞，如 entail risk、entail spending money；語氣正式，常見於描述工作或計畫的必要條件。	The job entails a lot of overtime work.	這份工作需要大量的加班。	[{"text":"entail considerable risk","meaningZh":"必然涉及相當大的風險"}]
entail	noun	noun	a legal restriction limiting the inheritance of property to a specified line of heirs	限定繼承（法律用語，限定財產只能傳給特定繼承人）	法律專有名詞，日常對話極少使用，多見於歷史小說或法律文本，如 an entail on the estate。	Under the old entail, the estate could only pass to a male heir.	依照舊時的限定繼承制度，這處地產只能傳給男性繼承人。	[{"text":"break the entail","meaningZh":"解除限定繼承"}]
entangle	verb	verb	to cause something to become twisted together with something else, or to involve someone in a complicated situation	使纏繞；使捲入（複雜情況）	常見被動 be entangled in/with，可指實體纏繞（如魚網），也可比喻捲入糾紛或關係。	The fishing net became entangled in the boat's propeller.	漁網纏繞在船的螺旋槳上。	[{"text":"be entangled in","meaningZh":"陷入或捲入……"}]
enterprise	noun	noun	a company or business, especially a new or risky one	企業；事業	常見 a private/commercial enterprise；也可指「進取精神」（free enterprise 自由企業制度）。	The government offers tax breaks to small enterprises.	政府對小型企業提供稅務優惠。	[{"text":"a small enterprise","meaningZh":"小型企業"}]
entertain	verb	verb	to provide people with enjoyment or amusement	娛樂；使開心	及物動詞，常接人作受詞，如 entertain the guests；語氣中性，用於表演、活動等場合。	The clown entertained the children with balloon animals.	小丑用氣球動物娛樂孩子們。	[{"text":"entertain guests","meaningZh":"招待賓客使其開心"}]
entertain	verb_consider	verb	to consider or give attention to an idea, possibility, or feeling	考慮；抱持（想法）	常接抽象名詞，如 entertain the idea/possibility/doubt，語氣正式，常見於否定句 won't entertain。	She refused to entertain any doubts about the plan.	她拒絕對這項計畫抱持任何懷疑。	[{"text":"entertain the possibility","meaningZh":"考慮某種可能性"}]
entertainment	noun	noun	movies, music, or other performances or activities that provide enjoyment	娛樂（活動）	不可數名詞，泛指娛樂內容或產業，如 the entertainment industry。	The cruise ship offers live entertainment every evening.	這艘郵輪每晚都提供現場娛樂表演。	[{"text":"live entertainment","meaningZh":"現場娛樂表演"}]
enthusiasm	noun	noun	intense and eager enjoyment, interest, or approval	熱忱；熱情	常搭配 with enthusiasm 或 enthusiasm for，強調對某事物的積極投入與興趣。	She approached the new project with great enthusiasm.	她以極大的熱忱投入這個新專案。	[{"text":"enthusiasm for learning","meaningZh":"學習的熱忱"}]
enthusiastic	adjective	adjective	feeling or showing intense enjoyment, interest, or approval	熱衷的；充滿熱忱的	常接 about，如 enthusiastic about learning；修飾人或態度，語氣正面積極。	He's always enthusiastic about trying new restaurants.	他總是對嘗試新餐廳充滿熱忱。	[{"text":"enthusiastic about","meaningZh":"對……充滿熱忱"}]
entice	verb	verb	to persuade someone to do something by offering them something pleasant	引誘；誘使	及物動詞，常見 entice someone into/to do something，帶有以利益吸引的意味，可正面（吸引顧客）也可略帶負面。	The store used discounts to entice more customers.	這家店用折扣吸引更多顧客上門。	[{"text":"entice someone into doing something","meaningZh":"誘使某人做某事"}]
entitle	verb	verb	to give someone the right to have or do something	使有權利（做某事）	常見被動 be entitled to，後接名詞或不定詞，如 entitled to a refund/vacation。	This ticket entitles you to one free drink.	這張票讓你有權免費兌換一杯飲料。	[{"text":"entitle someone to","meaningZh":"使某人有權享有……"}]
entity	noun	noun	something that exists separately from other things and has its own distinct identity	實體；獨立存在的個體	常見於法律、商業或哲學語境，如 a legal/corporate entity，指具有獨立身分的組織或個體。	The subsidiary operates as a separate legal entity.	這家子公司作為一個獨立的法律實體運作。	[{"text":"a legal entity","meaningZh":"法律實體"}]
entrench	verb	verb	to establish something so firmly that it is very difficult to change	使根深蒂固；鞏固	常見被動 be entrenched，修飾 belief、power、position 等，強調難以撼動的穩固狀態，語氣偏負面（如既得利益）。	Corruption had become deeply entrenched in the system.	貪腐已經深深根植於這個體制之中。	[{"text":"entrench existing inequalities","meaningZh":"使既有的不平等根深蒂固"}]
entrepreneur	noun	noun	a person who starts and runs a business, especially one involving financial risk	企業家；創業者	常見 a young/successful entrepreneur，強調自行創業、承擔風險的人，與一般 businessman 略有不同，更強調創新與冒險精神。	The young entrepreneur launched her own tech startup at 22.	這位年輕的企業家在22歲時創立了自己的科技新創公司。	[{"text":"a successful entrepreneur","meaningZh":"成功的企業家"}]
entrust	verb	verb	to give someone the responsibility to do something or deal with something	委託；託付	常見 entrust someone with something 或 entrust something to someone，強調基於信任而交付責任或物品。	The manager entrusted her with the company's finances.	經理將公司的財務委託給她管理。	[{"text":"entrust someone with a task","meaningZh":"把任務託付給某人"}]
enumerate	verb	verb	to name a list of things one by one	一一列舉；枚舉	及物動詞，語氣正式，常見於書面或正式演講中列出具體項目，如 enumerate the reasons/steps。	The report enumerates several reasons for the delay.	這份報告一一列舉了延誤的幾個原因。	[{"text":"enumerate the reasons","meaningZh":"逐一列出理由"}]
enunciate	verb	verb	to pronounce words clearly and distinctly	清楚地發音；咬字清晰	常用於描述說話或演講的發音方式，如 enunciate clearly；也可指清楚陳述一項原則或想法。	The teacher asked students to enunciate each syllable carefully.	老師要求學生仔細地把每個音節咬字清楚。	[{"text":"enunciate each word clearly","meaningZh":"清楚說出每個字"}]
envisage	verb	verb	to imagine or expect something as a future possibility	設想；預想	英式英語較常用（美式多用 envision），後接名詞或 that 子句，語氣正式，常見於計畫、政策討論。	The architect envisaged a building with an open, airy design.	這位建築師設想了一棟開放通風的建築。	[{"text":"envisage a future in which","meaningZh":"設想一個……的未來"}]
envision	verb	verb	to imagine something as a future possibility	想像；展望	與 envisage 意義相近，美式英語更常用，常見 envision a future/scenario，強調對未來的具體構想。	She envisions a world where clean energy is accessible to everyone.	她展望一個人人都能取得潔淨能源的世界。	[{"text":"envision a better future","meaningZh":"想像更美好的未來"}]
enzyme	noun	noun	a substance produced by a living organism that acts as a catalyst to bring about a specific biochemical reaction	酵素；酶	生物化學專有名詞，常見於消化、代謝相關描述，如 digestive enzymes。	Enzymes in saliva begin breaking down starch as soon as we chew.	唾液中的酵素在我們咀嚼時就開始分解澱粉。	[{"text":"digestive enzymes","meaningZh":"消化酵素"}]
ephemeral	adjective	adjective	lasting for only a short time	短暫的；朝生暮死的	語氣文學化，常修飾 beauty、moment、trend 等，強調事物美好但轉瞬即逝。	Fame in the entertainment industry can be ephemeral.	演藝圈的名氣可能十分短暫。	[{"text":"ephemeral fame","meaningZh":"曇花一現的名聲"}]
epic	adjective	adjective	very large or impressive in size or extent, especially referring to a heroic story or achievement	史詩般的；氣勢磅礴的	常修飾 journey、battle、failure 等，強調規模宏大或意義重大，口語中也可誇張形容「超讚」。	The film tells an epic story spanning three generations.	這部電影講述了一個橫跨三代人的史詩級故事。	[{"text":"an epic journey","meaningZh":"史詩般的旅程"}]
epidemic	noun	noun	a widespread occurrence of an infectious disease in a community at a particular time	流行病；疫情	常見 a flu/cholera epidemic，指疾病在特定地區、時間內大規模傳播，範圍通常小於 pandemic（大流行）。	Health officials declared a measles epidemic in the region.	衛生官員宣布該地區爆發麻疹疫情。	[{"text":"a flu epidemic","meaningZh":"流感疫情"}]
epidemic	adjective	adjective	widespread; affecting a disproportionately large number of people within a population	氾濫的；普遍流行的（形容問題大量出現）	常修飾抽象問題，如 epidemic levels of obesity/violence，比喻性地形容某問題像疾病一樣廣泛蔓延。	Obesity has reached epidemic proportions in many countries.	肥胖問題在許多國家已經達到氾濫的程度。	[{"text":"reach epidemic proportions","meaningZh":"達到氾濫的程度"}]
episode	noun	noun	one part of a television or radio series, or a single event forming part of a longer sequence	（影集、廣播的）一集；（一連串事件中的）一段插曲	常見 the latest episode（最新一集），也可指人生或歷史中的單一事件，如 a brief episode of illness。	Have you watched the latest episode of that show yet?	你看過那個節目的最新一集了嗎？	[{"text":"the final episode","meaningZh":"最後一集"}]
epitomize	verb	verb	to be a perfect example of something	是……的典型代表；體現	及物動詞，常接抽象特質或類別，如 epitomize elegance/the era，強調某人事物完美體現某種特質。	Her work ethic epitomizes what it means to be a true professional.	她的工作態度體現了真正專業人士的典範。	[{"text":"epitomize elegance","meaningZh":"充分體現優雅"}]
equal	adjective	adjective	the same in size, amount, value, or status	相等的；平等的	常接 to，如 equal to the task；也可用 be equal in size/importance 比較兩者。	All employees deserve equal pay for equal work.	所有員工都應該同工同酬。	[{"text":"equal opportunities","meaningZh":"平等機會"}]
equal	verb	verb	to be the same in number or amount as something else, especially in mathematics	等於	數學或計算語境常用，如 two plus two equals four；也可比喻性表示「等同於、比得上」。	Two plus two equals four.	二加二等於四。	[{"text":"two plus two equals four","meaningZh":"二加二等於四"}]
equality	noun	noun	the state of being equal, especially in status, rights, and opportunities	平等	不可數名詞，常見 gender/racial equality，強調權利與機會上的平等地位。	The movement fights for gender equality in the workplace.	這場運動致力於爭取職場上的性別平等。	[{"text":"gender equality","meaningZh":"性別平等"}]
equanimity	noun	noun	calmness and composure, especially in a difficult situation	沉著；鎮定	正式書面用語，常見 with equanimity，強調面對壓力或逆境仍保持心理平靜。	She accepted the criticism with remarkable equanimity.	她以驚人的沉著態度接受了這項批評。	[{"text":"accept with equanimity","meaningZh":"平靜地接受"}]
equation	noun	noun	a mathematical statement that two expressions are equal	方程式；等式	數學專有名詞，如 solve an equation；也可比喻性地指影響某結果的各項因素，如 add money into the equation。	Students learned how to solve a simple linear equation.	學生學習如何解一個簡單的線性方程式。	[{"text":"solve an equation","meaningZh":"解方程式"}]
equilibrium	noun	noun	a state of balance between opposing forces or influences	平衡；均衡狀態	常見於物理、經濟或心理層面，如 economic equilibrium，強調各方力量或因素達到穩定的平衡。	The economy eventually returned to a state of equilibrium.	經濟最終恢復到平衡狀態。	[{"text":"reach equilibrium","meaningZh":"達到平衡"}]
equip	verb	verb	to provide someone or something with the necessary items or skills for a particular purpose	裝備；使具備（能力或工具）	常見 equip someone with skills/knowledge，也可指實體裝備，如 equip a kitchen with new appliances。	The course equips students with practical coding skills.	這門課程使學生具備實用的程式設計技能。	[{"text":"equip someone with","meaningZh":"為某人配備……"}]
equity	noun	noun	the value of shares or ownership in a company or property, after subtracting any debts	（公司或房產的）股權；淨值	財經專有名詞，常見 home equity（房屋淨值）、equity in a company（公司股權）。	They took out a loan against the equity in their home.	他們以房屋淨值為擔保申請了一筆貸款。	[{"text":"home equity","meaningZh":"房屋淨值"}]
equity	noun_fairness	noun	the quality of being fair and impartial	公平；公正	常見於社會議題討論，如 social equity，強調資源分配或待遇上的公平性，與 equality（結果相同）略有不同，equity 更強調依需求給予公平對待。	The policy aims to promote equity in access to healthcare.	這項政策旨在促進醫療資源取得的公平性。	[{"text":"promote equity","meaningZh":"促進公平"}]
equivalent	noun	noun	something that has the same value, amount, or meaning as something else	相當之物；對等物	常接 of，如 the equivalent of a month's salary，指與某物在數量或意義上相等的東西。	Her salary is roughly the equivalent of $50,000 a year.	她的薪水大約相當於每年五萬美元。	[{"text":"the English equivalent","meaningZh":"對應的英文詞"}]
equivalent	adjective	adjective	equal in value, amount, function, or meaning	相等的；相當的	常接 to，如 equivalent to a bachelor's degree，用於比較兩者在某方面具有相同的價值或作用。	A diploma from this school is equivalent to a high school degree.	這所學校的文憑相當於高中學歷。	[{"text":"equivalent to","meaningZh":"相當於……"}]
eradicate	verb	verb	to completely destroy or get rid of something, especially something bad	根除；消滅	常見受詞為疾病或社會問題，如 eradicate poverty/disease，強調徹底消除，不留殘餘。	Scientists hope to eradicate malaria within the next decade.	科學家希望在未來十年內根除瘧疾。	[{"text":"eradicate a disease","meaningZh":"根除疾病"}]
erase	verb	verb	to remove or rub out something written, recorded, or existing	擦除；抹去；消除	可指實體擦除（erase a whiteboard），也可比喻性地指消除記憶或影響（erase a memory）。	She erased the mistake and rewrote the sentence.	她擦掉錯誤，重新寫了這個句子。	[{"text":"erase all traces of","meaningZh":"抹去……的所有痕跡"}]
erect	adjective	adjective	standing straight up; upright	直立的；豎立的	常修飾姿勢或物體，如 stand erect，語氣正式，日常對話較常用 upright 或 straight。	The soldier stood perfectly erect during the inspection.	這名士兵在檢閱時站得筆直。	[{"text":"stand erect","meaningZh":"站得筆直"}]
erosion	noun	noun	the gradual wearing away of soil or rock by wind, water, or other natural forces	侵蝕；沖蝕	常見 soil/coastal erosion；也可比喻性地指抽象事物逐漸被削弱，如 erosion of trust。	Coastal erosion has destroyed several beachfront properties.	海岸侵蝕已經摧毀了好幾處濱海房產。	[{"text":"soil erosion","meaningZh":"土壤侵蝕"}]
erratic	adjective	adjective	not consistent or regular in pattern or behavior; unpredictable	不穩定的；反覆無常的	常修飾 behavior、performance、weather，強調缺乏規律、令人難以預料，帶有輕微負面含意。	His erratic driving worried the other passengers.	他忽快忽慢的開車方式讓其他乘客感到擔心。	[{"text":"erratic behavior","meaningZh":"反覆無常的行為"}]
error	noun	noun	a mistake, especially one that is not intentional	錯誤；過失	常見 make an error、a typing/human error，泛指各種類型的錯誤，語氣比 mistake 稍正式。	The report contained several factual errors.	這份報告有幾處事實上的錯誤。	[{"text":"human error","meaningZh":"人為疏失"},{"text":"a margin of error","meaningZh":"誤差範圍"}]
erstwhile	adjective	adjective	former; previous	以前的；昔日的	正式書面用語，直接修飾名詞，如 erstwhile allies/rival，日常對話極少使用。	The two erstwhile rivals eventually became close friends.	這兩位昔日的對手後來成了摯友。	[{"text":"an erstwhile ally","meaningZh":"昔日的盟友"}]
erudite	adjective	adjective	having or showing great knowledge, especially gained from books	博學的；學識淵博的	正式用語，常修飾 scholar、essay、lecture，強調透過廣泛閱讀累積的深厚學識。	The professor gave an erudite lecture on ancient philosophy.	這位教授就古代哲學發表了一場學識淵博的演講。	[{"text":"an erudite scholar","meaningZh":"博學的學者"}]
erupt	verb	verb	(of a volcano) to explode and release lava, ash, and gas suddenly and violently	（火山）爆發	常見 the volcano erupted，也可比喻性地形容情緒、暴力或衝突突然爆發，如 violence erupted。	The volcano erupted without warning, forcing residents to evacuate.	火山毫無預警地爆發，迫使居民撤離。	[{"text":"a volcano erupts","meaningZh":"火山爆發"}]
escalation	noun	noun	a rapid increase or worsening of something, especially a conflict	升高；惡化；升級	常見 escalation of violence/tension，強調衝突或問題規模、程度快速加劇。	Diplomats are trying to prevent further escalation of the conflict.	外交官正努力防止衝突進一步升級。	[{"text":"an escalation of violence","meaningZh":"暴力升級"}]
escape	noun	noun	an act of breaking free from confinement or danger	逃脫；逃離	常見 a narrow/prison escape；也可比喻性地指逃避現實，如 an escape from reality。	The prisoners planned their escape for months.	囚犯們計畫這次逃獄已經好幾個月了。	[{"text":"a narrow escape","meaningZh":"僥倖脫險"}]
esoteric	adjective	adjective	intended for or understood by only a small number of people with specialized knowledge	深奧難懂的；只有少數專家能懂的	常修飾 subject、knowledge、interest，強調內容過於專門，一般人難以理解或接觸。	The lecture covered some fairly esoteric aspects of quantum theory.	這場講座涵蓋了量子理論中相當深奧的部分。	[{"text":"esoteric knowledge","meaningZh":"深奧的專門知識"}]
espouse	verb	verb	to support or adopt a belief, cause, or way of life	支持；擁護（信念或主張）	正式用語，常見 espouse a cause/philosophy，強調公開表態支持某種理念或立場。	The organization espouses a policy of nonviolent resistance.	這個組織支持非暴力抵抗的政策。	[{"text":"espouse a cause","meaningZh":"擁護一項理念"}]
essence	noun	noun	the most important quality or characteristic that makes something what it is	本質；精髓	常見 the essence of something，也可用片語 in essence（本質上、基本上）作副詞用法。	Simplicity is the essence of good design.	簡約是優良設計的精髓。	[{"text":"in essence","meaningZh":"本質上"},{"text":"the essence of","meaningZh":"……的精髓"}]
etch	verb	verb	to cut or engrave a design onto a hard surface using acid or a sharp tool	蝕刻；雕刻	常見於工藝或印刷技術，如 etch a pattern onto glass；也可比喻性地指深刻印在記憶中，如 etched in memory。	The artist etched intricate patterns onto the metal plate.	這位藝術家在金屬板上蝕刻出精細的圖案。	[{"text":"etch a design into glass","meaningZh":"在玻璃上蝕刻圖案"}]
eternal	adjective	adjective	lasting forever; without beginning or end	永恆的；永久的	常修飾 love、life、struggle，帶有詩意或誇飾語氣，也可用於宗教語境（eternal life）。	Poets have long written about the idea of eternal love.	詩人長久以來一直書寫著永恆之愛的概念。	[{"text":"eternal life","meaningZh":"永生"}]
ethereal	adjective	adjective	extremely delicate and light in a way that seems too perfect for this world	空靈的；縹緲的	常修飾 beauty、music、light，強調輕盈、脫俗，帶有夢幻或超凡的美感，語氣文學化。	The singer's ethereal voice captivated the entire audience.	這位歌手空靈的嗓音迷倒了全場觀眾。	[{"text":"ethereal beauty","meaningZh":"空靈之美"}]
ethics	noun	noun	moral principles that govern a person's or group's behavior	倫理；道德規範	常作不可數（單複數同形），如 medical/business ethics，指某領域的道德準則體系。	Doctors must follow strict codes of medical ethics.	醫師必須遵守嚴格的醫學倫理規範。	[{"text":"professional ethics","meaningZh":"職業倫理"}]
eulogy	noun	noun	a speech or piece of writing that praises someone, especially someone who has recently died	悼詞；頌詞	常見 deliver/give a eulogy，通常在葬禮上發表，讚揚逝者的生平與品德。	Her closest friend delivered a moving eulogy at the funeral.	她最親近的朋友在葬禮上發表了一段感人的悼詞。	[{"text":"deliver a eulogy","meaningZh":"致悼詞"}]
evade	verb	verb	to avoid dealing with or facing something, especially by cleverness or trickery	逃避；躲避；規避	常見 evade taxes/responsibility/the question，強調用巧計或手段避開，帶有負面意味。	The suspect managed to evade police for several weeks.	嫌犯設法躲避警方追捕長達數週。	[{"text":"evade responsibility","meaningZh":"逃避責任"},{"text":"evade taxes","meaningZh":"逃稅"}]
evaluate	verb	verb	to judge or assess the value, quality, or significance of something	評估；評鑑	常見於學術或工作場合，如 evaluate performance/results，語氣中性正式。	Teachers evaluate student progress at the end of each term.	老師在每學期末評估學生的學習進度。	[{"text":"evaluate the effectiveness of","meaningZh":"評估……的成效"}]
evaluation	noun	noun	the process of judging or assessing the value, quality, or significance of something	評估；評鑑	常見 a performance/risk evaluation，指評估的過程或結果，語氣正式。	The company conducts an annual evaluation of all employees.	這家公司每年對所有員工進行一次評鑑。	[{"text":"a performance evaluation","meaningZh":"績效評估"}]
evaporation	noun	noun	the process by which a liquid changes into a vapor	蒸發（作用）	科學專有名詞，常見於描述水循環，如 evaporation of water from the ocean。	Evaporation from the lake increases significantly in summer.	夏季時，湖水的蒸發量明顯增加。	[{"text":"the rate of evaporation","meaningZh":"蒸發速率"}]
evasive	adjective	adjective	deliberately vague or ambiguous in order to avoid answering directly	迴避的；閃爍其詞的	常修飾 answer、response，或用 be evasive about，強調刻意不正面回應以避開問題。	He gave an evasive answer when asked about the missing funds.	被問及失蹤資金時，他給出了一個閃爍其詞的答案。	[{"text":"an evasive answer","meaningZh":"閃爍其詞的回答"}]
evenly	adverb	adverb	in a smooth, regular, or equal manner across an area or among a group	均勻地；平均地	常見 spread evenly、divide evenly，強調分布或分配上沒有明顯差異。	Spread the butter evenly across the bread.	把奶油均勻地塗抹在麵包上。	[{"text":"distribute evenly","meaningZh":"均勻分配"}]
eventual	adjective	adjective	happening or existing at the end of a process or period of time	最終的；終究的	只作修飾詞置於名詞前，不用於表語，如 the eventual outcome/winner。	Despite early setbacks, the eventual outcome was positive.	儘管早期遭遇挫折，最終的結果仍是正面的。	[{"text":"the eventual winner","meaningZh":"最終的贏家"}]
evict	verb	verb	to legally force someone to leave a property they are renting or occupying	驅逐；逐出（房客）	法律用語，常見被動 be evicted from，通常指房東依法讓房客搬離。	The landlord threatened to evict the tenants for unpaid rent.	房東威脅要因積欠房租而驅逐房客。	[{"text":"evict a tenant","meaningZh":"驅逐房客"}]
eviction	noun	noun	the act of legally forcing someone to leave a property	驅逐；逐出（法律行動）	常見 an eviction notice/order，指依法要求房客遷出的正式程序或通知。	The family received an eviction notice from their landlord.	這戶人家收到了房東的驅逐通知。	[{"text":"an eviction notice","meaningZh":"驅逐通知"}]
evidence	noun	noun	facts, objects, or information that indicate whether something is true or valid	證據；證明	不可數名詞，常見 provide/lack evidence，也可用 evidence of 表示某事的跡象或證明。	There is strong evidence to support the new theory.	有強而有力的證據支持這項新理論。	[{"text":"compelling evidence","meaningZh":"有說服力的證據"}]
evident	adjective	adjective	clearly seen or understood; obvious	明顯的；顯而易見的	常用 it is evident that... 或 evident from，語氣比 obvious 略正式，常見於書面分析。	It was evident from her expression that she was upset.	從她的表情可以明顯看出她很不高興。	[{"text":"it is evident that","meaningZh":"顯然"}]
evocative	adjective	adjective	bringing strong images, memories, or feelings to mind	引人聯想的；喚起（回憶或情感）的	常接 of，如 evocative of childhood，用於描述能喚起特定情感或回憶的事物，如音樂、氣味或文字。	The old photographs were evocative of a simpler time.	那些老照片令人聯想起一個較單純的年代。	[{"text":"evocative of","meaningZh":"令人聯想到"}]
evoke	verb	verb	to bring a feeling, memory, or image into someone's mind	喚起；引起（情感、回憶或聯想）	及物動詞，常接 memories、emotions、images，強調某事物觸發特定的心理反應。	The scent of pine evokes memories of childhood winters.	松樹的氣味喚起了她對童年冬天的回憶。	[{"text":"evoke memories","meaningZh":"喚起回憶"}]
evolution	noun	noun	the gradual process by which species develop over generations, or the gradual development of something over time	演化；（緩慢的）發展過程	常見生物學語境（Darwin's theory of evolution），也可泛指任何事物隨時間逐漸發展，如 the evolution of technology。	The evolution of smartphones has changed how we communicate.	智慧型手機的演變改變了我們的溝通方式。	[{"text":"human evolution","meaningZh":"人類演化"}]
evolutionary	adjective	adjective	relating to evolution, or occurring gradually rather than suddenly	演化的；漸進式的	常見 evolutionary biology/theory，也可用於形容非生物領域的漸進式變化，與 revolutionary（革命性、突然的）相對。	The company took an evolutionary rather than revolutionary approach to change.	這家公司採取的是漸進式而非革命性的變革方式。	[{"text":"evolutionary biology","meaningZh":"演化生物學"},{"text":"evolutionary change","meaningZh":"漸進的改變"}]
evolve	verb	verb	to develop gradually, especially from a simpler to a more complex form	演化；逐漸發展	不及物動詞，常見 evolve over time/into，可指生物演化，也可泛指任何事物的漸進發展。	The company has evolved from a small startup into a global brand.	這家公司已經從一家小型新創企業發展成全球知名品牌。	[{"text":"evolve into","meaningZh":"逐漸發展成"}]
exact	adjective	adjective	precise and accurate in every detail	精確的；確切的	常修飾 amount、time、location，強調毫無誤差，也可用 to be exact 作插入語補充精確資訊。	I don't know the exact number of people who attended.	我不知道確切有多少人出席。	[{"text":"the exact same","meaningZh":"完全相同的"},{"text":"an exact match","meaningZh":"完全相符"}]
exaggerate	verb	verb	to represent something as being larger, better, worse, or more important than it really is	誇大；誇張	及物或不及物動詞，常見 exaggerate the problem/risk，強調言過其實，帶有輕微負面意味。	He tends to exaggerate his achievements when talking to clients.	他和客戶交談時往往會誇大自己的成就。	[{"text":"exaggerate the importance of","meaningZh":"誇大……的重要性"}]
exaggeration	noun	noun	a statement that represents something as larger, better, or worse than it really is	誇張；誇大之詞	常見 without exaggeration、it's no exaggeration to say...，用於強調敘述並非言過其實。	It's not an exaggeration to say this was the best meal I've ever had.	說這是我吃過最棒的一餐，一點也不誇張。	[{"text":"without exaggeration","meaningZh":"毫不誇張地"}]
exasperate	verb	verb	to make someone extremely irritated or annoyed	使惱怒；使極度不耐煩	常見被動 be exasperated by/with，強調因反覆或無法解決的問題而感到氣憤沮喪。	Her constant excuses exasperated her manager.	她不斷找藉口的行為讓她的主管非常惱怒。	[{"text":"exasperate someone with delays","meaningZh":"因延誤使某人惱怒"}]
excavation	noun	noun	the process of digging in the ground, especially to find buried objects	挖掘；發掘（考古）	常見於考古學語境，如 an archaeological excavation，也可指一般的挖掘工程。	The excavation uncovered pottery dating back centuries.	這次挖掘出土了可追溯至數世紀前的陶器。	[{"text":"an archaeological excavation","meaningZh":"考古發掘"}]
exceed	verb	verb	to be greater than a particular amount, number, or limit	超過；超越	常接 expectations、limit、budget，強調數量或程度超出預期或規定範圍。	The project's cost exceeded the original budget by 20%.	這項專案的成本超出原始預算百分之二十。	[{"text":"exceed expectations","meaningZh":"超出預期"}]
exception	noun	noun	a person or thing that is excluded from a general rule or does not follow the usual pattern	例外	常見 with the exception of、make an exception，用於指出不符合一般規則的特殊情況。	All students must attend, with the exception of those who are ill.	所有學生都必須出席，生病者除外。	[{"text":"with the exception of","meaningZh":"除了……以外"},{"text":"make an exception","meaningZh":"破例"}]
exceptional	adjective	adjective	unusually excellent, or not typical of what usually happens	非凡的；優異的；異常的	可表示能力或表現極為出色（an exceptional talent），也可表示情況罕見或例外（exceptional circumstances）。	She showed exceptional talent in mathematics from a young age.	她從小就在數學方面展現出非凡的才能。	[{"text":"exceptional talent","meaningZh":"傑出的才能"}]
exceptionally	adverb	adverb	unusually or extremely, to a very high or notable degree	異常地；格外地	常修飾形容詞，如 exceptionally talented/difficult，強調程度遠超一般水準。	The weather has been exceptionally cold this winter.	今年冬天的天氣異常寒冷。	[{"text":"exceptionally well","meaningZh":"格外出色"}]
excerpt	noun	noun	a short extract from a book, film, piece of music, or other work	摘錄；節錄	常接 from，如 an excerpt from a novel，指從較長作品中截取的一小段。	The teacher read an excerpt from the novel aloud in class.	老師在課堂上朗讀了這部小說的一段摘錄。	[{"text":"an excerpt from a novel","meaningZh":"小說的節錄"}]
excerpt	verb	verb	to select and reproduce a short passage from a longer work	摘錄；節選（動詞用法）	及物動詞，常見被動 be excerpted from，指從原文中選取片段加以引用或出版。	The article was excerpted from her forthcoming book.	這篇文章是從她即將出版的新書中摘錄而來。	[{"text":"excerpt a passage from a book","meaningZh":"從書中節錄一段文字"}]
excess	noun	noun	an amount of something that is more than necessary, permitted, or reasonable	過量；過度	常見 in excess of（超過）、to excess（過度地），強調數量或程度超出合理範圍。	Drinking alcohol to excess can seriously harm your health.	過量飲酒會嚴重損害健康。	[{"text":"in excess of","meaningZh":"超過"}]
excess	adjective	adjective	more than is necessary, usual, or specified	多餘的；額外的	直接修飾名詞，如 excess baggage/weight，指超出正常或允許範圍的部分。	Passengers must pay extra for excess baggage.	乘客的行李超重須額外付費。	[{"text":"excess baggage","meaningZh":"超額行李"}]
excessive	adjective	adjective	more than what is necessary, normal, or reasonable	過度的；過分的	常修飾 amount、cost、force，帶有負面意味，強調程度超出合理範圍。	The court ruled that the fine was excessive.	法院裁定這筆罰款過高。	[{"text":"excessive force","meaningZh":"過度武力"}]
excitement	noun	noun	a feeling of great enthusiasm and eagerness	興奮；激動	不可數名詞，常見 with excitement、in excitement，描述因期待或高興而產生的情緒。	The children could barely contain their excitement before the trip.	孩子們在出發前幾乎無法掩飾內心的興奮。	[{"text":"a sense of excitement","meaningZh":"興奮感"}]
exclaim	verb	verb	to say something suddenly and loudly, especially out of surprise or strong emotion	喊叫；驚呼	常見於引述句後，如 "Wow!" she exclaimed，強調因驚訝或激動而突然大聲說出。	"That's incredible!" he exclaimed.	「太不可思議了！」他驚呼道。	[{"text":"exclaim in surprise","meaningZh":"驚訝地叫出聲"}]
exclamation	noun	noun	a sudden, short utterance expressing strong emotion, or the punctuation mark (!) used after it	驚嘆；感嘆詞；驚嘆號	常見 an exclamation of surprise/joy，也可指標點符號 exclamation mark/point（驚嘆號）。	She let out an exclamation of delight when she saw the gift.	她看到禮物時發出了一聲驚喜的歡呼。	[{"text":"an exclamation mark","meaningZh":"驚嘆號"}]
exclude	verb	verb	to prevent someone or something from being included, considered, or allowed	排除；排斥	及物動詞，常見被動 be excluded from，強調刻意不將某人或某物納入。	Vegetarians typically exclude meat and fish from their diet.	素食者通常會將肉類和魚類排除在飲食之外。	[{"text":"exclude someone from","meaningZh":"將某人排除於……之外"}]
exclusion	noun	noun	the act of deliberately not including or allowing someone or something	排除；排斥	常見 the exclusion of，也可指社會層面的排斥，如 social exclusion（社會排斥）。	The policy resulted in the exclusion of many low-income families.	這項政策導致許多低收入家庭被排除在外。	[{"text":"social exclusion","meaningZh":"社會排斥"}]
exclusive	adjective	adjective	limited to a particular group of people, especially because of high price or status	獨家的；專屬的；高級的	常修飾 club、interview、rights，強調限定特定群體才能享有或取得，也隱含高檔、稀少的意味。	The magazine got an exclusive interview with the celebrity.	這本雜誌獲得了與該名人的獨家專訪。	[{"text":"exclusive access","meaningZh":"專屬使用權"}]
exclusively	adverb	adverb	only, and not involving anything or anyone else	專門地；僅僅	常修飾動詞，如 available exclusively、used exclusively for，強調限定於單一對象或用途。	This product is available exclusively online.	這項產品僅在網路上獨家販售。	[{"text":"exclusively for members","meaningZh":"會員專用"}]
excursion	noun	noun	a short trip, especially one taken for pleasure	短途旅行；遠足	常見 go on an excursion，指以娛樂為目的的短程外出，常見於旅遊團行程。	The tour includes a day excursion to the nearby islands.	這趟行程包含一日的鄰近島嶼短途旅行。	[{"text":"a day excursion","meaningZh":"一日遊"}]
execute	verb	verb	to carry out or put into effect a plan, order, or task	執行；實行	常見 execute a plan/strategy，強調將計畫付諸實際行動，語氣正式。	The team executed the marketing plan flawlessly.	這個團隊完美地執行了這項行銷計畫。	[{"text":"execute a plan","meaningZh":"執行計畫"}]
execute	verb_kill	verb	to kill someone as a legal punishment	處決；處死	法律用語，常見被動 be executed for，指依法定程序執行死刑。	The prisoner was executed for treason.	這名囚犯因叛國罪被處決。	[{"text":"execute a prisoner","meaningZh":"處決囚犯"}]
execution	noun	noun	the process of carrying out or putting into effect a plan or task	執行；實行	常見 the execution of a plan，強調實際落實的過程與品質，如 flawless execution。	The success of the project depends on careful execution.	這項專案的成功取決於謹慎的執行。	[{"text":"the execution of a plan","meaningZh":"計畫的執行"}]
execution	noun_kill	noun	the act of killing someone as a legal punishment	處決；死刑	法律用語，常見 a public execution，指依法執行死刑的行動。	The public execution drew a large crowd in the town square.	這場公開處決吸引了廣場上一大群人。	[{"text":"a public execution","meaningZh":"公開處決"},{"text":"stay of execution","meaningZh":"暫緩執行死刑"}]
exempt	adjective	adjective	free from an obligation, duty, or liability that applies to others	被豁免的；免除義務的	常接 from，如 exempt from tax/military service，指依法不必承擔某項一般性義務。	Nonprofit organizations are often exempt from certain taxes.	非營利組織通常可以豁免某些稅賦。	[{"text":"exempt from tax","meaningZh":"免稅的"}]
exempt	verb	verb	to officially free someone from an obligation or duty	使豁免；免除（義務）	及物動詞，常見 exempt someone from something，指官方正式給予某人免除義務的資格。	The new law exempts small businesses from the reporting requirement.	這項新法規免除了小型企業的申報義務。	[{"text":"exempt someone from","meaningZh":"豁免某人的……義務"}]
exemption	noun	noun	official permission to be freed from an obligation, duty, or liability	豁免；免除（義務或稅賦）	常見 a tax exemption，指依法獲准不須履行某項一般性義務。	Students may qualify for a tuition exemption based on income.	學生可能依收入資格獲得學費減免。	[{"text":"tax exemption","meaningZh":"免稅"},{"text":"claim an exemption","meaningZh":"申請豁免"}]
exert	verb	verb	to apply or make use of a force, influence, or effort	施加（力量、影響）；運用（努力）	常見 exert pressure/influence/effort，也可用 exert oneself 表示「盡力、努力」。	The company exerts significant influence over local politics.	這家公司對地方政治施加了相當大的影響力。	[{"text":"exert pressure on","meaningZh":"對……施壓"},{"text":"exert yourself","meaningZh":"努力；盡力"}]
exhaust	noun	noun	the waste gases produced by an engine, or the pipe through which they are released	廢氣；排氣管	常見 car/vehicle exhaust，指引擎排出的廢氣或排放廢氣的裝置。	The car's exhaust was emitting a thick black smoke.	這輛車的排氣管冒出濃濃黑煙。	[{"text":"exhaust fumes","meaningZh":"廢氣"},{"text":"an exhaust pipe","meaningZh":"排氣管"}]
exhaust	verb	verb	to make someone extremely tired, or to use up a resource completely	使精疲力竭；耗盡（資源）	及物動詞，可指使人筋疲力盡（exhaust oneself），也可指用盡資源（exhaust all options/supplies）。	The long hike completely exhausted the hikers.	這趟長途健行讓登山客們筋疲力竭。	[{"text":"exhaust all possibilities","meaningZh":"試盡所有可能"},{"text":"exhaust yourself","meaningZh":"使自己筋疲力盡"}]
exhibit	noun	noun	an object or collection of objects displayed to the public, especially in a museum or gallery	展覽品；陳列品	常見 a museum exhibit，指在博物館或展覽中公開展示的物件。	The dinosaur exhibit is the museum's most popular attraction.	這件恐龍展覽品是這座博物館最受歡迎的展示品。	[{"text":"a museum exhibit","meaningZh":"博物館展品"}]
exhibit	verb	verb	to display or show a quality, feeling, or ability publicly	展現；表現出	及物動詞，常見 exhibit signs/symptoms of，指公開展現某種特質、情感或跡象。	The patient began to exhibit signs of improvement.	這名病患開始表現出好轉的跡象。	[{"text":"exhibit signs of","meaningZh":"表現出……的跡象"},{"text":"exhibit symptoms","meaningZh":"呈現症狀"}]
exhort	verb	verb	to strongly urge or encourage someone to do something	力勸；敦促	正式書面用語，常見 exhort someone to do something，語氣比 urge 更強烈，常見於演講或號召。	The coach exhorted the team to give their best effort.	教練力勸球隊全力以赴。	[{"text":"exhort someone to act","meaningZh":"敦促某人採取行動"}]
exile	noun	noun	the state of being forced to live away from one's home country, or a person in that state	流放；流亡；流亡者	常見 in exile、send someone into exile，指因政治等原因被迫離開祖國的狀態或人。	The former president spent twenty years in exile.	這位前總統流亡了二十年。	[{"text":"in exile","meaningZh":"流亡中"},{"text":"go into exile","meaningZh":"流亡國外"}]
existential	adjective	adjective	relating to human existence, especially concerning meaning, purpose, or the fundamental threat to survival	存在主義的；攸關存亡的	常見 existential crisis/threat，可指哲學上的存在議題，也可比喻性地形容嚴重到威脅生存的危機。	Climate change poses an existential threat to many coastal cities.	氣候變遷對許多沿海城市構成攸關存亡的威脅。	[{"text":"an existential threat","meaningZh":"攸關存亡的威脅"},{"text":"an existential crisis","meaningZh":"存在意義的危機"}]
exit	noun	noun	a way out of a building or vehicle, or the act of leaving	出口；離開	常見 emergency exit（緊急出口），也可指離開某場合的行為，如 make a quick exit。	Please locate the nearest emergency exit before the flight departs.	請在飛機起飛前找到最近的緊急出口。	[{"text":"an emergency exit","meaningZh":"緊急出口"},{"text":"make an exit","meaningZh":"離開"}]
exit	verb	verb	to leave a place, especially a building or vehicle	離開；退出	及物或不及物動詞，如 exit the building/highway，語氣中性，常見於指示或標示語。	Please exit the building calmly during the drill.	演習期間請冷靜地離開這棟建築。	[{"text":"exit the building","meaningZh":"離開大樓"},{"text":"exit a program","meaningZh":"退出程式"}]
exonerate	verb	verb	to officially declare that someone is not guilty of a crime or wrongdoing they were blamed for	宣告無罪；免除罪責	法律用語，常見被動 be exonerated of/from，指正式證明某人清白，洗清罪嫌。	New DNA evidence exonerated the man after ten years in prison.	新的DNA證據在這名男子入獄十年後證明了他的清白。	[{"text":"exonerate someone of blame","meaningZh":"免除某人的責任"},{"text":"fully exonerate","meaningZh":"完全洗清罪嫌"}]
exotic	adjective	adjective	originating from or characteristic of a distant foreign country, especially in an unusual or attractive way	異國情調的；奇特的（外來的）	常修飾 fruit、animal、location，強調帶有外國、罕見或新奇的吸引力。	The resort is known for its exotic birds and lush gardens.	這座度假村以其奇特的鳥類和茂密的花園聞名。	[{"text":"exotic plants","meaningZh":"外來的奇花異草"},{"text":"an exotic destination","meaningZh":"充滿異國風情的目的地"}]
expand	verb	verb	to increase in size, number, or extent	擴大；擴展	常見 expand a business/market，也可用 expand on 表示「進一步闡述」。	The company plans to expand into international markets next year.	這家公司計畫明年拓展至國際市場。	[{"text":"expand into new markets","meaningZh":"拓展至新市場"},{"text":"expand on an idea","meaningZh":"詳述一個想法"}]
expansion	noun	noun	the process of increasing in size, number, or extent	擴張；擴大	常見 business/economic expansion，指規模、範圍或數量增加的過程。	The company's rapid expansion led to hundreds of new jobs.	這家公司的快速擴張創造了數百個新工作機會。	[{"text":"economic expansion","meaningZh":"經濟擴張"},{"text":"rapid expansion","meaningZh":"快速擴展"}]
expansive	adjective	adjective	covering a large area, or (of a person) open and willing to talk freely	廣闊的；（人）健談豪爽的	可形容空間廣大（an expansive view），也可形容人開朗健談、暢所欲言（in an expansive mood）。	The house has an expansive view of the valley below.	這棟房子擁有俯瞰山谷的廣闊視野。	[{"text":"expansive views","meaningZh":"開闊的景觀"},{"text":"in an expansive mood","meaningZh":"心情開朗健談"}]
expatriate	verb	verb	to leave one's own country to live in another, or to force someone to do so	（使）僑居國外；（使）移居海外	此詞常見的名詞用法（an expatriate，僑民）在本語料庫僅登記為動詞，指離開本國到他國生活的行為。	Many young professionals expatriate to Southeast Asia for work.	許多年輕專業人士為了工作移居到東南亞。	[{"text":"expatriate oneself","meaningZh":"移居海外"}]
expedient	noun	noun	a means of achieving a particular end, especially one that is convenient but not necessarily right or moral	權宜之計；應急手段	常見 a political/temporary expedient，強調為求方便或速效而採取的手段，未必合乎道德或長久之計。	Raising taxes was seen as a short-term expedient rather than a real solution.	加稅被視為一種短期的權宜之計，而非真正的解決方案。	[{"text":"a temporary expedient","meaningZh":"臨時權宜之計"}]
expedient	adjective	adjective	convenient and practical, though not necessarily right or moral	權宜的；方便行事的	常見 politically expedient，帶有隱含批評意味，指僅考慮方便有效而非道德是非。	The politician chose the expedient answer rather than the honest one.	這位政治人物選擇了權宜的答案，而非誠實的答案。	[{"text":"politically expedient","meaningZh":"政治上有利而權宜的"}]
expedition	noun	noun	a journey or voyage undertaken for a specific purpose, especially exploration	遠征；探險（隊）	常見 a scientific/mountaineering expedition，指有明確目的的長途旅行或探索行動。	The team is preparing for an expedition to the South Pole.	這支團隊正在為前往南極的探險做準備。	[{"text":"a scientific expedition","meaningZh":"科學考察遠征"},{"text":"go on an expedition","meaningZh":"展開探險"}]
expel	verb	verb	to officially force someone to leave a school, organization, or country	開除；驅逐	常見被動 be expelled from school/the country，語氣正式，指依規定或命令強制驅離。	He was expelled from school for cheating on the exam.	他因考試作弊被學校開除。	[{"text":"expel someone from school","meaningZh":"把某人開除學籍"},{"text":"expel air","meaningZh":"排出空氣"}]
expend	verb	verb	to spend or use up time, money, or effort	花費；耗費（時間、金錢或精力）	正式用語，常見 expend energy/resources on，語氣比 spend 更正式，常見於書面。	They expended considerable effort trying to fix the old engine.	他們花費了相當大的精力試圖修好這台老舊引擎。	[{"text":"expend energy on","meaningZh":"把精力花在……"},{"text":"expend effort","meaningZh":"付出努力"}]
expenditure	noun	noun	an amount of money spent, or the act of spending money	支出；花費	常見 government/public expenditure，多用於財務、預算相關語境，較 spending 正式。	Government expenditure on education increased significantly this year.	政府今年在教育方面的支出大幅增加。	[{"text":"public expenditure","meaningZh":"公共支出"},{"text":"capital expenditure","meaningZh":"資本支出"}]
expertise	noun	noun	specialized knowledge or skill in a particular field	專業知識；專門技能	不可數名詞，常見 technical/legal expertise，指某領域深厚且專業的知識或能力。	The company hired a consultant for her expertise in marketing.	這家公司聘請了一位在行銷方面具有專業知識的顧問。	[{"text":"technical expertise","meaningZh":"技術專長"},{"text":"expertise in","meaningZh":"在……方面的專業知識"}]
expire	verb	verb	to come to an end or no longer be valid, especially referring to a contract, license, or period of time	期滿；到期；失效	常見 the contract/license expires，指效期屆滿而失去法律效力或功能。	Her passport expires at the end of next month.	她的護照下個月底就要到期了。	[{"text":"a visa expires","meaningZh":"簽證到期"},{"text":"expire at midnight","meaningZh":"午夜到期"}]
explode	verb	verb	to burst apart suddenly and violently, often with a loud noise	爆炸	常見 a bomb explodes，也可比喻性地指情緒突然爆發（explode with anger）或數量急遽增加（population explodes）。	The old boiler exploded, damaging the entire kitchen.	那台老舊鍋爐爆炸，損毀了整個廚房。	[{"text":"a bomb explodes","meaningZh":"炸彈爆炸"},{"text":"explode on impact","meaningZh":"撞擊時爆炸"}]
exploitation	noun	noun	the act of unfairly using someone or something for one's own advantage	剝削；利用（不公平地）	帶負面含意，常見 exploitation of workers/resources，指不公平地利用他人或資源以謀取自身利益。	The report exposed the exploitation of migrant workers in the industry.	這份報告揭露了該產業對移工的剝削。	[{"text":"worker exploitation","meaningZh":"剝削勞工"},{"text":"the exploitation of children","meaningZh":"剝削兒童"}]
exploration	noun	noun	the act of traveling through an unfamiliar area or subject in order to learn more about it	探索；探勘	常見 space/scientific exploration，指為了了解未知領域而進行的探查行動。	Space exploration has led to many technological breakthroughs.	太空探索帶來了許多科技上的突破。	[{"text":"space exploration","meaningZh":"太空探索"},{"text":"oil exploration","meaningZh":"石油探勘"}]
explore	verb	verb	to travel through an unfamiliar place in order to learn about it, or to examine a subject or idea thoroughly	探索；勘查；深入研究	及物動詞，可指實地探勘（explore the jungle），也可指深入研究議題（explore an idea/option）。	The team explored the cave system for several days.	這支隊伍花了好幾天探勘這個洞穴系統。	[{"text":"explore the possibility of","meaningZh":"探討……的可能性"},{"text":"explore new territory","meaningZh":"探索新領域"}]
explosive	noun	noun	a substance that can cause an explosion	炸藥；爆裂物	常見 a powerful/plastic explosive，指用於製造爆炸的物質。	Police found several kilograms of explosive hidden in the warehouse.	警方在倉庫中發現了數公斤藏匿的炸藥。	[{"text":"plastic explosives","meaningZh":"塑膠炸藥"},{"text":"an explosive device","meaningZh":"爆炸裝置"}]
explosive	adjective	adjective	able to explode, or (of a situation) likely to result in sudden violence or strong reactions	爆炸性的；一觸即發的	可形容實際物質（explosive material），也可比喻性地形容局勢緊張、隨時可能爆發衝突（an explosive situation）。	Tensions between the two groups reached an explosive level.	兩派人馬之間的緊張情勢已達一觸即發的地步。	[{"text":"an explosive situation","meaningZh":"一觸即發的局勢"},{"text":"explosive growth","meaningZh":"爆炸性成長"}]
expose	verb	verb	to reveal or make known something hidden, especially something illegal, dishonest, or dangerous	揭露；暴露（醜聞或危險）	常見 expose corruption/a scandal，也可指身體暴露於環境，如 expose skin to the sun。	The investigation exposed widespread corruption within the department.	這項調查揭露了該部門內部普遍存在的貪腐問題。	[{"text":"expose someone to danger","meaningZh":"使某人面臨危險"},{"text":"expose corruption","meaningZh":"揭發貪腐"}]
exposure	noun	noun	the state of being exposed to something, especially something harmful, or the fact of being made known publicly	暴露（於某物）；曝光	常見 exposure to sunlight/risk，也可指媒體曝光度，如 media exposure。	Prolonged exposure to loud noise can damage your hearing.	長時間暴露於噪音環境中會損害聽力。	[{"text":"exposure to sunlight","meaningZh":"曝曬於陽光下"},{"text":"media exposure","meaningZh":"媒體曝光"}]
expound	verb	verb	to explain a theory or idea in detail	詳細闡述；闡明	正式用語，常見 expound on a theory/view，語氣書面化，多用於學術或演講場合。	The professor expounded on his theory of economic growth for over an hour.	這位教授花了一個多小時詳細闡述他的經濟成長理論。	[{"text":"expound a theory","meaningZh":"闡述理論"},{"text":"expound on a topic","meaningZh":"詳論一個主題"}]
expulsion	noun	noun	the act of officially forcing someone to leave a school, organization, or country	開除；驅逐（正式行動）	常見 expulsion from school，指依規定或程序將某人正式除名或驅離。	His violent behavior led to his expulsion from the university.	他的暴力行為導致他被大學開除。	[{"text":"expulsion from school","meaningZh":"被學校開除"},{"text":"the expulsion of diplomats","meaningZh":"驅逐外交官"}]
exquisite	adjective	adjective	extremely beautiful, delicate, or finely made	精緻的；優美的	常修飾 craftsmanship、detail、beauty，強調工藝或美感極為細膩、令人讚嘆。	The dress was made with exquisite lace detailing.	這件洋裝以精緻的蕾絲細節製成。	[{"text":"exquisite craftsmanship","meaningZh":"精湛的工藝"},{"text":"exquisite detail","meaningZh":"精緻的細節"}]
extant	adjective	adjective	still in existence; not destroyed or lost	現存的；尚存的	正式書面用語，常修飾 manuscript、species，強調某物歷經時間仍然存在，多見於學術或歷史文本。	This is the oldest extant manuscript of the poem.	這是這首詩現存最古老的手稿。	[{"text":"extant manuscripts","meaningZh":"現存手稿"},{"text":"the oldest extant example","meaningZh":"現存最古老的實例"}]
extension	noun	noun	an additional period of time, or an added part that makes something longer or larger	延長；延期；擴建部分	常見 a deadline extension（延期）、a house extension（房屋擴建），也可指電話分機（phone extension）。	She requested a two-week extension on her thesis deadline.	她申請將論文繳交期限延長兩週。	[{"text":"an extension of the deadline","meaningZh":"延長期限"},{"text":"a house extension","meaningZh":"房屋擴建部分"}]
extensive	adjective	adjective	covering a large area, or involving a great amount or detail	廣泛的；大範圍的	常修飾 damage、research、network，強調規模、範圍或程度相當大。	The flood caused extensive damage to the town.	這場洪水對小鎮造成了廣泛的破壞。	[{"text":"extensive research","meaningZh":"廣泛研究"},{"text":"extensive damage","meaningZh":"大範圍損害"}]
external	noun	noun	an outward appearance or an external circumstance, usually used in the plural	外表；外在因素（複數形式）	通常以複數 externals 出現，指表面或外在的事物，日常對話較少見，多用於書面對比內在與外在。	One should not judge a person by mere externals.	不應該僅憑外表來評斷一個人。	[{"text":"judge by externals","meaningZh":"憑外表判斷"}]
external	adjective	adjective	coming from or existing outside a particular place, person, or organization	外部的；外在的	常見 external factors/pressure，與 internal（內部的）相對，強調來源或影響來自組織或個體之外。	The company's growth was largely driven by external factors.	這家公司的成長主要是受到外部因素驅動。	[{"text":"external factors","meaningZh":"外在因素"},{"text":"external use only","meaningZh":"僅限外用"}]
extinct	adjective	adjective	(of a species) no longer existing; having died out completely	滅絕的	常見 an extinct species/volcano，指物種完全消失不復存在，也可用於火山（不再活動）。	The dodo bird has been extinct for centuries.	渡渡鳥已經滅絕好幾個世紀了。	[{"text":"become extinct","meaningZh":"滅絕"},{"text":"an extinct species","meaningZh":"已滅絕的物種"}]
extinction	noun	noun	the state or process of a species dying out completely	滅絕（狀態或過程）	常見 on the brink of extinction，指物種瀕臨或已經完全消失。	Conservationists are working to prevent the species' extinction.	保育人士正努力防止這個物種滅絕。	[{"text":"on the brink of extinction","meaningZh":"瀕臨滅絕"},{"text":"mass extinction","meaningZh":"大規模滅絕"}]
extol	verb	verb	to praise someone or something enthusiastically	讚揚；歌頌	正式書面用語，常見 extol the virtues/benefits of，語氣比 praise 更強烈、正式。	The reviewer extolled the virtues of the new restaurant.	這位評論家熱情讚揚了這家新餐廳的優點。	[{"text":"extol the virtues of","meaningZh":"讚揚……的優點"}]
extraordinary	adjective	adjective	very unusual or remarkable, especially in a way that is impressive	非凡的；不尋常的	常修飾 talent、achievement、circumstances，強調程度遠超一般，帶有正面驚嘆的語氣。	She showed extraordinary courage during the crisis.	她在這場危機中展現出非凡的勇氣。	[{"text":"an extraordinary achievement","meaningZh":"非凡的成就"},{"text":"extraordinary circumstances","meaningZh":"特殊情況"}]
extrapolate	verb	verb	to estimate or predict something by extending known information or data	推斷；外推（依據已知資料）	常見於統計或研究語境，如 extrapolate from the data，指依據現有資訊推論未知的結果或趨勢。	Researchers extrapolated future trends from the survey data.	研究人員根據調查數據推斷未來的趨勢。	[{"text":"extrapolate from data","meaningZh":"由資料推算"},{"text":"extrapolate trends","meaningZh":"外推趨勢"}]
extravagance	noun	noun	excessive or unnecessary spending of money, or an instance of this	奢侈；浪費（金錢）	常見 a life of extravagance，指過度或不必要的花費，帶有輕微負面意味。	Critics accused the mayor of extravagance in the city's renovation project.	批評者指責市長在這項城市翻新計畫中揮霍無度。	[{"text":"a life of extravagance","meaningZh":"奢華的生活"},{"text":"an unnecessary extravagance","meaningZh":"不必要的奢侈開銷"}]
extricate	verb	verb	to free someone or oneself from a difficult or complicated situation	使脫離（困境）；解救	常見 extricate oneself from，也可指實際上把人從危險物理狀況中救出，如卡住的車禍現場。	It took hours to extricate the driver from the wreckage.	花了好幾個小時才把司機從殘骸中救出。	[{"text":"extricate yourself from","meaningZh":"使自己擺脫……"},{"text":"extricate someone from the wreckage","meaningZh":"把某人從殘骸中救出"}]
exuberance	noun	noun	the quality of being full of energy, enthusiasm, and excitement	熱情洋溢；活力充沛	常見 youthful exuberance，強調充滿朝氣與熱忱的表現。	The children greeted the news with youthful exuberance.	孩子們以充滿朝氣的熱情迎接這個消息。	[{"text":"youthful exuberance","meaningZh":"青春活力"},{"text":"irrational exuberance","meaningZh":"非理性繁榮或過度樂觀"}]
exuberant	adjective	adjective	full of energy, enthusiasm, and excitement	熱情洋溢的；興高采烈的	常修飾 crowd、mood、welcome，強調外顯的活力與興奮之情。	The team received an exuberant welcome from their fans.	這支球隊受到球迷們熱情洋溢的歡迎。	[{"text":"an exuberant personality","meaningZh":"熱情洋溢的個性"},{"text":"exuberant celebrations","meaningZh":"熱鬧歡騰的慶祝活動"}]
exude	verb	verb	to clearly display a quality or feeling, or to release a liquid or smell gradually	散發出（特質、情感）；滲出（液體或氣味）	常見 exude confidence/charm，也可用於實際物質滲出，如 exude sweat。	The new manager exudes confidence in every meeting.	這位新任經理在每次會議中都散發出自信。	[{"text":"exude confidence","meaningZh":"散發自信"},{"text":"exude an aroma","meaningZh":"散發香氣"}]
fabric	noun	noun	cloth produced by weaving or knitting fibers, or the basic structure of something	布料；織物；（社會或結構的）構造	常見具體用法（cotton fabric），也可比喻性地指基本架構，如 the fabric of society（社會結構）。	The dress is made from a soft, lightweight fabric.	這件洋裝是用柔軟輕盈的布料製成的。	[{"text":"cotton fabric","meaningZh":"棉布"},{"text":"the fabric of society","meaningZh":"社會結構"}]
fabulous	adjective	adjective	extremely good or impressive, or (in older usage) resembling a fable and hard to believe	極好的；棒極了的；（舊義）神話般的、難以置信的	日常口語常用來表示「很棒」，如 a fabulous time；較正式或文學用法則指近乎神話、難以置信的事物。	We had a fabulous time at the beach last weekend.	我們上週末在海灘玩得非常開心。	[{"text":"have a fabulous time","meaningZh":"度過美好時光"},{"text":"a fabulous creature","meaningZh":"神話中的生物"}]
faction	noun	noun	a small, organized group within a larger group, especially one with different opinions from the majority	派系；小集團	常見 a political/rebel faction，強調在較大組織內部因意見不合而形成的次群體，帶有分裂或對立的意味。	The party split into two rival factions over the policy debate.	這個政黨因政策爭議分裂成兩個對立派系。	[{"text":"a rival faction","meaningZh":"對立派系"}]
faculty	noun	noun	a natural ability or power of the mind or body, or the teaching staff of a school or university department	（身心的）機能；官能；（大學的）院系、教職員	常見 mental faculties（心智能力）、the faculty of medicine（醫學院），美式英語中也常指全體教師（faculty members）。	As she aged, she gradually lost some of her mental faculties.	隨著年紀增長，她的一些心智機能逐漸衰退。	[{"text":"mental faculties","meaningZh":"心智能力"},{"text":"faculty members","meaningZh":"教職員"}]
fade	verb	verb	to gradually lose brightness, color, strength, or clarity	褪色；逐漸消失；漸弱	常見 colors fade in sunlight、memories fade，強調隨時間逐漸減弱或消逝的過程。	The bright red curtains had faded in the sunlight.	鮮紅色的窗簾在陽光照射下已經褪色。	[{"text":"fade away","meaningZh":"逐漸消失"}]
fade	noun	noun	a gradual weakening or disappearance, especially of sound or light	（聲音、光線的）漸弱；淡出	常見於音樂或影視製作術語，如 a slow fade to black，指畫面或聲音逐漸減弱直至消失。	The song ends with a slow fade rather than a sudden stop.	這首歌以緩慢的漸弱作結，而非突然停止。	[{"text":"a gradual fade","meaningZh":"逐漸淡出"}]
faint	adjective	adjective	barely perceptible; weak in strength, brightness, or clarity	微弱的；模糊的	常修飾 sound、smell、hope，強調程度極輕微、幾乎難以察覺。	She heard a faint knock at the door.	她聽到一聲微弱的敲門聲。	[{"text":"a faint sound","meaningZh":"微弱的聲音"}]
faint	verb	verb	to lose consciousness briefly, usually due to heat, shock, or lack of blood flow to the brain	昏倒；暈厥	不及物動詞，常見 faint from heat/shock，指因熱、驚嚇或血液循環不足而突然失去意識。	She fainted from the heat during the parade.	她在遊行時因為天氣炎熱而昏倒。	[{"text":"faint from exhaustion","meaningZh":"因過度疲勞昏倒"}]
faint	noun	noun	an act or state of losing consciousness briefly	昏厥；暈倒（狀態）	較少見的名詞用法，常見 fall into a faint，日常對話中動詞用法（faint）更常見。	She fell into a faint after hearing the shocking news.	她聽到這個驚人的消息後便暈倒了。	[{"text":"in a dead faint","meaningZh":"完全昏厥"}]
faithful	adjective	adjective	loyal and consistent in one's support, allegiance, or duty, especially to a person or belief	忠實的；忠誠的	常見 a faithful friend/husband，也可指精確符合原意，如 a faithful translation（忠於原文的翻譯）。	He remained faithful to his wife throughout their long marriage.	在他們漫長的婚姻中，他始終對妻子忠誠。	[{"text":"remain faithful to","meaningZh":"保持對…的忠誠"}]
faithful	noun	noun	people who firmly believe in and follow a particular religion, usually used as "the faithful"	信徒（複數集合名詞，常用 the faithful）	常見 the faithful gathered，指某宗教的虔誠信眾整體，常用於宗教語境。	The faithful gathered at the temple for the annual festival.	信徒們聚集在寺廟參加一年一度的祭典。	[{"text":"the faithful","meaningZh":"信徒們"}]
fake	noun	noun	an object, person, or document that is not genuine but designed to appear so	贗品；冒牌貨；假貨	常見 spot a fake，指刻意仿造以假亂真的物品或人。	The art dealer realized the painting was a fake.	這位藝術經紀商發現這幅畫是贗品。	[{"text":"expose a fake","meaningZh":"揭穿贗品"}]
fake	adjective	adjective	not genuine; made to look like something real in order to deceive	假的；偽造的	常修飾 ID、smile、product，強調刻意模仿真品以達到欺騙目的。	She used a fake ID to get into the club.	她用假身分證進入這家夜店。	[{"text":"a fake passport","meaningZh":"偽造護照"}]
falsify	verb	verb	to alter or present information dishonestly in order to deceive	偽造；竄改	及物動詞，常見 falsify records/data，強調刻意扭曲事實以誤導他人，帶有明確負面意味。	The accountant was accused of falsifying the company's financial records.	這名會計師被指控竄改公司的財務紀錄。	[{"text":"falsify records","meaningZh":"竄改紀錄"}]
falter	verb	verb	to lose strength, confidence, or momentum; to become weak or hesitant	動搖；猶豫；衰退	常見 the economy falters、her voice faltered，強調原本穩定的狀態開始出現不穩或衰弱的跡象。	His voice faltered as he tried to hold back tears.	他強忍淚水時，聲音開始顫抖。	[{"text":"falter under pressure","meaningZh":"在壓力下動搖"}]
fame	noun	noun	the state of being well-known or famous, especially to the general public	名聲；名氣	不可數名詞，常見 rise to fame、achieve fame，指廣為人知的知名度，通常帶正面意味。	The band rose to fame after their first album went platinum.	這個樂團在首張專輯銷售突破白金唱片後聲名大噪。	[{"text":"rise to fame","meaningZh":"成名"}]
familiarity	noun	noun	close acquaintance with or detailed knowledge of something, or the quality of being well known	熟悉；熟識	常見 familiarity with a subject/language，也可用 familiarity breeds contempt 這句諺語表達過於熟悉可能導致輕慢。	Her familiarity with the software made the training session quick.	她對這套軟體的熟悉程度讓訓練課程進行得很快。	[{"text":"familiarity with the subject","meaningZh":"對該主題的熟悉程度"}]
fancy	noun	noun	a liking, desire, or whimsical idea, often not based on reason	喜好；幻想；一時興起的念頭	常見 take a fancy to（喜歡上）、a passing fancy（一時的興致），強調非理性、隨興的偏好或想法。	She took a sudden fancy to learning the violin.	她突然對學小提琴產生了興趣。	[{"text":"take a fancy to","meaningZh":"喜歡上"}]
fancy	adjective	adjective	elaborate, decorative, or expensive, especially in an ostentatious way	華麗的；花俏的；高級的	常修飾 restaurant、clothes、car，強調外表精美或價格昂貴，語氣中性偏口語。	They went to a fancy restaurant to celebrate the anniversary.	他們去了一家高級餐廳慶祝週年紀念。	[{"text":"a fancy restaurant","meaningZh":"高級餐廳"}]
fancy	verb	verb	to feel a desire or attraction for something or someone, or to imagine something	想要；喜歡上；想像	英式口語常見 fancy someone（喜歡某人）、fancy a coffee（想喝杯咖啡），美式英語較少這樣使用。	Do you fancy going for a walk this evening?	你今晚想去散步嗎？	[{"text":"fancy a drink","meaningZh":"想喝一杯"}]
fantasy	noun	noun	an imaginative or fanciful mental image, especially one not based on reality, or a genre involving magic and imaginary worlds	幻想；奇幻（文類）	常見 a fantasy novel/world，也可指個人不切實際的想像，如 a childhood fantasy。	The book belongs to the fantasy genre, complete with dragons and magic.	這本書屬於奇幻文類，充滿了龍與魔法。	[{"text":"a fantasy novel","meaningZh":"奇幻小說"},{"text":"indulge in fantasy","meaningZh":"沉浸於幻想"}]
fare	noun	noun	the money paid for a journey on public transportation, or the food served in a particular place	票價；車資；（某場所供應的）飲食	常見 a bus/taxi fare，也可用於較正式語境指食物，如 traditional fare（傳統菜餚）。	The bus fare has increased by ten percent this year.	今年公車票價調漲了百分之十。	[{"text":"bus fare","meaningZh":"公車票價"},{"text":"traditional fare","meaningZh":"傳統菜餚"}]
fascinate	verb	verb	to attract and hold someone's interest intensely	使著迷；深深吸引	及物動詞，常見被動 be fascinated by，強調對某事物產生濃厚且持久的興趣。	Ancient history has always fascinated her.	古代歷史一直讓她深深著迷。	[{"text":"be fascinated by history","meaningZh":"對歷史著迷"}]
fashion	noun	noun	a popular style or trend, especially in clothing, or a way of doing something	流行；時尚；方式	常見 the fashion industry、in a similar fashion（以類似的方式），涵蓋服飾潮流與泛指做事的方式。	She always follows the latest fashion trends.	她總是緊跟最新的流行趨勢。	[{"text":"in fashion","meaningZh":"流行的"},{"text":"out of fashion","meaningZh":"不流行的"}]
fashion	verb	verb	to make or shape something, especially skillfully and often by hand	製作；塑造（尤指以巧手）	及物動詞，常見 fashion something into/from，強調以技巧將材料塑造成特定形狀或用途。	The craftsman fashioned a bowl out of a single piece of wood.	這位工匠用一整塊木頭製作出一個碗。	[{"text":"fashion something out of wood","meaningZh":"用木頭製作某物"}]
fashionable	adjective	adjective	following the current popular style or trend	流行的；時髦的	常修飾 clothes、restaurant、neighborhood，強調符合當下潮流，語氣中性偏正面。	The café has become a fashionable spot for young professionals.	這家咖啡廳已成為年輕專業人士喜愛的時髦去處。	[{"text":"fashionable clothes","meaningZh":"時髦的衣服"}]
fastidious	adjective	adjective	very attentive to and concerned about accuracy and detail, sometimes to an excessive degree	一絲不苟的；挑剔的	常修飾 person、attention to detail，帶有輕微負面意味，暗示對細節要求過高、難以取悅。	He's fastidious about keeping his desk perfectly organized.	他對保持書桌整潔一絲不苟。	[{"text":"fastidious about cleanliness","meaningZh":"對清潔一絲不苟"}]
fatal	adjective	adjective	causing death, or having disastrous consequences	致命的；毀滅性的	常見 a fatal accident/error，強調結果導致死亡或造成無法挽回的嚴重後果。	The car crash proved fatal for the driver.	這場車禍對司機來說是致命的。	[{"text":"a fatal accident","meaningZh":"致命事故"},{"text":"a fatal mistake","meaningZh":"造成嚴重後果的錯誤"}]
fathom	noun	noun	a unit of length used to measure the depth of water, equal to six feet	噚（測量水深的單位，等於六英尺）	航海專有名詞，日常對話極少使用，多見於航海或釣魚語境描述水深。	The wreck lies at a depth of about twenty fathoms.	這艘沉船位於約二十噚深的海底。	[{"text":"at a depth of ten fathoms","meaningZh":"在十噚深處"}]
fathom	verb	verb	to understand something difficult or puzzling after much thought	理解；領悟（費解之事）	常見 cannot fathom，多用於否定句，強調對某事完全無法理解或想像。	I simply cannot fathom why he would say such a thing.	我實在無法理解他為什麼會說出這種話。	[{"text":"cannot fathom why","meaningZh":"無法理解為何"}]
fatigue	noun	noun	extreme tiredness resulting from mental or physical exertion	疲勞；疲憊	不可數名詞，常見 suffer from fatigue，也可用於材料科學，如 metal fatigue（金屬疲勞）。	Long hours at work left her suffering from chronic fatigue.	長時間工作讓她飽受慢性疲勞之苦。	[{"text":"mental fatigue","meaningZh":"精神疲勞"}]
fatten	verb	verb	to make an animal or person put on weight, especially in preparation for slaughter or eating	使增肥；養肥	及物動詞，常見 fatten cattle/pigs，多用於農業語境；比喻性地也可指讓某事物膨脹（fatten a budget）。	Farmers fatten the cattle before sending them to market.	農夫在送牛隻上市前先把牠們養肥。	[{"text":"fatten up livestock","meaningZh":"養肥牲畜"}]
fault	noun	noun	a mistake, defect, or responsibility for something wrong, or a break in the earth's crust	過錯；缺點；（地質）斷層	常見 it's my fault（是我的錯）、a character fault（性格缺陷），地質學則指 a geological fault（斷層）。	It wasn't your fault that the meeting was canceled.	會議取消不是你的錯。	[{"text":"at fault","meaningZh":"有過錯"},{"text":"find fault with","meaningZh":"挑…的毛病"}]
favorable	adjective	adjective	positive, advantageous, or expressing approval	有利的；順利的；好評的	常見 favorable conditions/reviews，強調對某目標或結果有利，或表示贊同的態度。	The weather conditions were favorable for the outdoor concert.	天氣狀況對這場戶外音樂會很有利。	[{"text":"favorable conditions","meaningZh":"有利條件"}]
feast	noun	noun	a large and elaborate meal, especially one prepared for a special occasion	盛宴；宴席	常見 a wedding/holiday feast，指為特殊場合準備的豐盛餐點。	The family prepared a huge feast for the wedding celebration.	這家人為婚禮慶典準備了一場豐盛的盛宴。	[{"text":"a wedding feast","meaningZh":"婚宴"}]
feast	verb	verb	to eat a large and elaborate meal, often as part of a celebration	盡情享用（大餐）；宴飲	常見 feast on，指盡興地享用豐盛美食，通常帶有慶祝意味。	The guests feasted on roast turkey and pumpkin pie.	賓客們盡情享用了烤火雞和南瓜派。	[{"text":"feast on seafood","meaningZh":"大啖海鮮"}]
feeble	adjective	adjective	lacking physical or mental strength, or (of an argument or excuse) unconvincing	虛弱的；無力的；（藉口）站不住腳的	常修飾 body、light、excuse，可指身體或光線微弱，也可比喻性地形容論點或藉口薄弱無力。	He offered a feeble excuse for being late.	他為遲到提出了一個站不住腳的藉口。	[{"text":"a feeble excuse","meaningZh":"站不住腳的藉口"}]
feedback	noun	noun	information or opinions about a person's performance or a product, given as a basis for improvement	回饋；意見反應	不可數名詞，常見 give/receive feedback，指對表現或產品提出的評價，作為改善的依據。	The teacher gave detailed feedback on each student's essay.	老師針對每位學生的作文給予了詳細的回饋意見。	[{"text":"constructive feedback","meaningZh":"建設性回饋"}]
feign	verb	verb	to pretend to feel or have a particular emotion, illness, or quality	假裝；佯裝	及物動詞，常見 feign surprise/illness，語氣正式，強調刻意做出虛假的表現以欺騙他人。	She feigned interest in his long, boring story.	她假裝對他冗長乏味的故事感興趣。	[{"text":"feign ignorance","meaningZh":"裝作不知道"},{"text":"feign illness","meaningZh":"裝病"}]
fellowship	noun	noun	a friendly and supportive relationship among people who share interests or experiences, or a grant awarded to support academic research	情誼；團契；（學術）獎助金	常見 Christian fellowship（教會團契）、a research fellowship（研究獎助金），兩義差異大，需依上下文判斷。	She received a fellowship to conduct research at a prestigious university.	她獲得一項獎助金，得以在一所知名大學進行研究。	[{"text":"a sense of fellowship","meaningZh":"情誼感"},{"text":"a research fellowship","meaningZh":"研究獎助金"}]
feminist	noun	noun	a person who supports feminism, the belief in social, political, and economic equality of the sexes	女性主義者	常見 an outspoken feminist，指支持性別平等理念並積極倡議的人。	She has identified as a feminist since college.	她從大學時期就自認是女性主義者。	[{"text":"a feminist writer","meaningZh":"女性主義作家"}]
ferret	noun	noun	a small, domesticated mammal related to the weasel, often kept as a pet or used for hunting rabbits	雪貂	動物名詞，常作寵物飼養，也用於獵捕兔子等小動物。	He keeps two ferrets as pets in his apartment.	他在公寓裡養了兩隻雪貂當寵物。	[{"text":"a pet ferret","meaningZh":"寵物雪貂"}]
ferret	verb	verb	to search persistently for something, especially information that is hidden	搜尋；查出（隱藏的事物）	常見片語 ferret out，指鍥而不捨地找出隱藏的資訊或真相。	The journalist ferreted out the truth behind the scandal.	這位記者鍥而不捨地查出了這起醜聞背後的真相。	[{"text":"ferret out information","meaningZh":"查出隱藏的資訊"}]
ferry	noun	noun	a boat or ship that regularly transports people and vehicles across a body of water	渡輪；渡船	常見 take a ferry，指定期往返兩地載運乘客與車輛的船隻。	We took the ferry across the harbor to visit the island.	我們搭渡輪穿越港灣去參觀那座島嶼。	[{"text":"take a ferry","meaningZh":"搭渡輪"}]
fertilize	verb	verb	to add nutrients to soil to help plants grow, or to cause an egg cell to develop by combining it with sperm or pollen	施肥；使受精	常見 fertilize the soil/crops（農業語境），也可用於生物學語境，如 fertilize an egg（使卵子受精）。	Farmers fertilize the fields every spring before planting.	農夫每年春天播種前都會為田地施肥。	[{"text":"fertilize the soil","meaningZh":"為土壤施肥"},{"text":"fertilize an egg","meaningZh":"使卵子受精"}]
fervent	adjective	adjective	having or displaying passionate intensity, especially regarding a belief or cause	熱切的；熱烈的	常修飾 belief、supporter、hope，強調情感或信念上的強烈與熱誠，語氣正式。	She is a fervent believer in equal rights for all.	她是人人平等權利的熱切擁護者。	[{"text":"a fervent supporter","meaningZh":"熱切的支持者"}]
fiber	noun	noun	a thread-like strand, especially of a natural or synthetic material, or dietary roughage that aids digestion	纖維；（飲食）纖維質	常見 dietary fiber（膳食纖維）、synthetic fiber（合成纖維），涵蓋材料與營養兩種常見語境。	Whole grains are an excellent source of dietary fiber.	全穀類是膳食纖維的絕佳來源。	[{"text":"dietary fiber","meaningZh":"膳食纖維"},{"text":"synthetic fibers","meaningZh":"合成纖維"}]
fickle	adjective	adjective	changing frequently, especially regarding loyalties, opinions, or affections	善變的；反覆無常的	常修飾 weather、public opinion、a person's affections，帶有負面意味，強調缺乏穩定性或忠誠度。	The weather here is notoriously fickle in spring.	這裡的春季天氣以善變聞名。	[{"text":"fickle public opinion","meaningZh":"反覆無常的輿論"}]
fiction	noun	noun	literature about imaginary events and people, or something invented that is not true	小說；虛構作品；虛構之事	常見 works of fiction，也可指非文學語境中捏造的事，如 the story is pure fiction（純屬虛構）。	She writes historical fiction set in ancient Rome.	她創作以古羅馬為背景的歷史小說。	[{"text":"science fiction","meaningZh":"科幻小說"},{"text":"fact and fiction","meaningZh":"事實與虛構"}]
fictional	adjective	adjective	invented by the imagination, as in a story; not real	虛構的（小說中的）	常修飾 character、story，特指文學作品中虛構的人物或情節，語氣中性。	The novel's fictional characters are based loosely on real historical figures.	這部小說中的虛構人物大致取材自真實歷史人物。	[{"text":"a fictional character","meaningZh":"虛構人物"}]
fictitious	adjective	adjective	not real or true; invented, especially in order to deceive	捏造的；虛假的（帶欺騙意圖）	常見 a fictitious name/address，強調故意捏造以掩飾真實身分或事實，語氣比 fictional 更負面。	He used a fictitious name to open the bank account.	他用一個虛構的姓名開設了這個銀行帳戶。	[{"text":"a fictitious name","meaningZh":"假名"}]
fidget	verb	verb	to make small, restless movements, especially out of nervousness or impatience	坐立不安；煩躁地動來動去	不及物動詞，常見 fidget with a pen/in one's seat，強調因緊張或無聊而不自覺地小動作。	The children fidgeted in their seats during the long lecture.	孩子們在冗長的演講中在座位上坐立不安。	[{"text":"fidget with a pen","meaningZh":"不安地擺弄筆"}]
fidget	noun	noun	a person who fidgets, or a restless movement	坐立不安的人；煩躁的動作	較少見的名詞用法，常見於形容孩童好動不安，如 a real fidget。	Her son has always been a bit of a fidget in class.	她兒子在課堂上一直有點坐不住。	[{"text":"a terrible fidget","meaningZh":"非常坐不住的人"}]
fierce	adjective	adjective	showing strong, aggressive, or intense feeling or behavior	凶猛的；激烈的；強烈的	常修飾 animal、competition、loyalty，可指實際的兇猛（fierce dog），也可比喻性地形容激烈的競爭或強烈的情感。	The two companies are engaged in fierce competition for market share.	這兩家公司正為爭奪市場占有率展開激烈的競爭。	[{"text":"fierce competition","meaningZh":"激烈競爭"}]
figurative	adjective	adjective	based on or using figures of speech rather than the literal meaning of words	比喻的；引申義的	常見於語言學語境，如 a figurative meaning/sense，與 literal（字面意義）相對，指詞語的引申或象徵性用法。	"Break the ice" is used in a figurative sense, not literally.	「打破僵局」是比喻用法，並非字面意義。	[{"text":"figurative language","meaningZh":"比喻性語言"}]
filament	noun	noun	a thin thread or wire, especially one that produces light in an incandescent lamp	細絲；燈絲	常見 a light bulb's filament，也可指植物構造中的細絲（花絲）等專有名詞用法。	The old light bulb's filament finally burned out.	這顆老舊燈泡的燈絲終於燒斷了。	[{"text":"a tungsten filament","meaningZh":"鎢絲"}]
filibuster	noun	noun	a tactic used to delay or prevent a decision in a legislature by speaking for an extended period of time	冗長辯論；阻撓議事（拖延戰術）	美國政治專有名詞，常見於參議院程序，指以冗長發言拖延表決。	Senators used a filibuster to delay the vote on the bill.	參議員們以冗長辯論拖延這項法案的表決。	[{"text":"stage a filibuster","meaningZh":"進行阻撓議事的冗長辯論"}]
filibuster	verb	verb	to use extended speech or delaying tactics to obstruct legislative action	以拖延戰術阻撓（議事）	及物或不及物動詞，常見 filibuster a bill，指議員刻意拖長發言以阻止議案通過。	The opposition party filibustered for over twelve hours.	反對黨以冗長辯論拖延了超過十二個小時。	[{"text":"filibuster a bill","meaningZh":"以冗長辯論阻撓法案"}]
fillet	noun	noun	a piece of boneless meat or fish	（去骨的）魚片、肉片	常見 a fillet of salmon/beef，指經過去骨處理的肉類或魚類部位。	The chef prepared a fillet of salmon with lemon butter sauce.	主廚準備了一份佐檸檬奶油醬的鮭魚片。	[{"text":"a salmon fillet","meaningZh":"去骨鮭魚片"}]
fillet	verb	verb	to remove the bones from a piece of meat or fish	去骨（處理魚或肉）	及物動詞，常見 fillet a fish，指烹飪前將魚或肉的骨頭去除。	The fishmonger filleted the fish before wrapping it up.	魚販在包裝之前先把魚去骨處理好。	[{"text":"fillet a fish","meaningZh":"將魚去骨切片"}]
filter	noun	noun	a device or substance used to remove impurities or unwanted elements from a liquid, gas, or light	濾器；濾網；濾鏡	常見 a water/air filter，也可指攝影或社群媒體的濾鏡效果（a photo filter）。	Remember to change the water filter every three months.	記得每三個月更換一次濾水器。	[{"text":"an air filter","meaningZh":"空氣濾清器"}]
filter	verb	verb	to pass a liquid or gas through a device to remove impurities, or to gradually pass through or spread	過濾；（訊息、光線）逐漸滲透	及物或不及物動詞，如 filter the water，也可比喻性地指資訊逐漸流傳，如 news filtered through。	The company uses charcoal to filter the drinking water.	這家公司使用活性碳來過濾飲用水。	[{"text":"filter out impurities","meaningZh":"濾除雜質"}]
finance	noun	noun	the management of money, especially by governments, organizations, or individuals, or the money itself	財務；金融；資金	常見 personal/corporate finance，指與金錢管理相關的領域或活動。	She studied finance in college and now works at a bank.	她大學主修財務，現在在一家銀行工作。	[{"text":"public finance","meaningZh":"公共財政"}]
finance	verb	verb	to provide the funds needed for a project, purchase, or activity	資助；為……提供資金	及物動詞，常見 finance a project/purchase，指提供必要的資金支持某項計畫或購買行為。	The government agreed to finance the construction of a new bridge.	政府同意資助興建一座新橋。	[{"text":"finance a project","meaningZh":"資助計畫"}]
finite	adjective	adjective	having a limited size, extent, or duration; not infinite	有限的	常見 finite resources/time，與 infinite（無限的）相對，強調數量或範圍有明確界限。	The Earth has only finite natural resources.	地球的天然資源是有限的。	[{"text":"finite resources","meaningZh":"有限的資源"}]
fiscal	adjective	adjective	relating to government revenue, especially taxes and public spending, or to financial matters in general	財政的；會計的	常見 fiscal year/policy，多用於政府或企業的財務管理語境。	The company's fiscal year ends in March.	這家公司的會計年度於三月結束。	[{"text":"the fiscal year","meaningZh":"會計年度"},{"text":"fiscal policy","meaningZh":"財政政策"}]
fishery	noun	noun	an area or industry concerned with catching fish or farming fish and shellfish	漁業；漁場	常見 a commercial fishery、overfishing threatens fisheries，指捕魚或養殖相關的產業或區域。	Overfishing has severely depleted the region's fisheries.	過度捕撈已嚴重耗竭該地區的漁業資源。	[{"text":"a commercial fishery","meaningZh":"商業漁場"}]
fissure	noun	noun	a long, narrow crack or opening, especially in rock or the earth's surface	裂縫；裂隙	常見於地質學語境，如 a fissure in the rock，也可比喻性地指人際或觀點上的裂痕。	Lava flowed out from a fissure in the volcano's side.	熔岩從火山側面的一道裂縫中流出。	[{"text":"a fissure in the rock","meaningZh":"岩石中的裂縫"}]
fissure	verb	verb	to crack or split apart, forming a long narrow opening	使產生裂縫；裂開	不及物或及物動詞，常見於地質或材料描述，如 the rock fissured under pressure。	The dry earth fissured after months without rain.	乾燥的土地在數月未降雨後裂開了。	[{"text":"fissured rock","meaningZh":"裂開的岩石"}]
fist	noun	noun	a hand with the fingers tightly curled into the palm, especially as used for hitting	拳頭	常見 clench one's fist、a fist fight，指緊握的手，常與憤怒或打鬥相關。	He clenched his fist in anger but said nothing.	他氣得緊握拳頭，但什麼也沒說。	[{"text":"clench one's fist","meaningZh":"握緊拳頭"}]
fitness	noun	noun	the condition of being physically healthy and strong, or suitability for a particular purpose	體適能；健康狀態；適合性	常見 physical fitness、fitness for the job，涵蓋身體健康與能力適任兩種常見用法。	Regular exercise is essential for maintaining good fitness.	規律運動對維持良好的體適能十分重要。	[{"text":"physical fitness","meaningZh":"體適能"},{"text":"fitness for purpose","meaningZh":"適合預定用途"}]
fixate	verb	verb	to focus one's attention on something excessively or obsessively	過度專注於；執著於	常見 fixate on，帶有負面意味，強調過度或不健康地將注意力集中在單一事物上。	He tends to fixate on small mistakes instead of the bigger picture.	他往往過度執著於小錯誤，而忽略了大局。	[{"text":"fixate on a problem","meaningZh":"過度執著於一個問題"}]
fixture	noun	noun	a piece of equipment permanently attached to a building, or a scheduled sporting event	固定裝置；（比喻）固定不變的人事物；（體育）賽程	常見 a light fixture（燈具）、a football fixture（足球賽程），也可比喻性地指長期固定於某處的人或事物。	The old chandelier is a fixture that came with the house.	這盞老式吊燈是這棟房子原有的固定裝置。	[{"text":"lighting fixtures","meaningZh":"照明裝置"},{"text":"a league fixture","meaningZh":"聯賽賽事"}]
flagrant	adjective	adjective	conspicuously and shockingly bad, especially referring to a violation or wrongdoing	明目張膽的；公然的（違法或不當行為）	常見 a flagrant violation/disregard，強調公然、毫不掩飾地做出明顯錯誤的行為，語氣帶強烈負面。	The referee called a flagrant foul on the player.	裁判判定該球員犯下明顯的惡意犯規。	[{"text":"a flagrant violation","meaningZh":"公然的違規行為"}]
flail	noun	noun	a farming tool with a swinging bar used to thresh grain	連枷（打穀用農具）	傳統農具名詞，現代較少見，多見於歷史或農業相關描述。	Farmers once used a flail to separate grain from the chaff by hand.	農夫過去曾用連枷徒手把穀粒與穀殼分開。	[{"text":"a threshing flail","meaningZh":"打穀用連枷"}]
flail	verb	verb	to move or swing the arms or legs about wildly and without control	揮舞；亂動（手腳）	不及物動詞，常見 flail one's arms，強調失控且雜亂地擺動肢體，通常因驚慌或掙扎。	The swimmer flailed his arms, struggling to stay afloat.	這名泳者拚命揮動雙臂，掙扎著讓自己浮在水面上。	[{"text":"flail one's arms","meaningZh":"亂揮手臂"}]
flamboyant	adjective	adjective	confident and stylish in a very noticeable or elaborate way	浮誇的；引人注目的；華麗招搖的	常修飾 personality、outfit、gesture，強調外顯、誇張且吸引目光的風格。	The flamboyant performer wore a sequined jacket on stage.	這位風格浮誇的表演者在台上穿著亮片外套。	[{"text":"a flamboyant personality","meaningZh":"張揚的個性"}]
flame	verb	verb	to burn brightly with flames, or (informally) to post an angry or insulting message online	燃燒；（網路）發表激烈攻擊性言論	不及物動詞，字面義指燃燒發出火焰；口語新義指在網路論壇上發表挑釁性留言（flame someone）。	The campfire flamed brightly as more wood was added.	添加更多木柴後，營火燒得更旺了。	[{"text":"flame up","meaningZh":"突然燃起"},{"text":"flame someone online","meaningZh":"在網路上惡言攻擊某人"}]
flash	noun	noun	a sudden brief burst of light, or a very short period of time	閃光；瞬間	常見 a flash of lightning、in a flash（一瞬間），強調瞬間出現又消失的光或時間。	A flash of lightning lit up the entire sky.	一道閃電照亮了整片天空。	[{"text":"a flash of lightning","meaningZh":"一道閃電"},{"text":"in a flash","meaningZh":"轉眼間"}]
flaunt	noun	noun	an act of displaying something ostentatiously (rare; used mainly in the fixed phrase "if you've got it, flaunt it")	炫耀（此用法極少見，多用於固定片語）	此名詞用法極為罕見，此詞語幾乎總是作動詞使用（見 flaunt verb 義項）；此列僅反映語料庫登記之詞性。	Some see her style as nothing more than a flaunt of wealth.	有些人認為她的穿著風格不過是在炫耀財富。	[]
flaunt	verb	verb	to display something proudly in order to attract attention or admiration, especially in an excessive way	炫耀；賣弄	及物動詞，常見 flaunt wealth/success，帶有輕微負面意味，強調過度張揚以引人注目。	He loves to flaunt his new sports car around town.	他喜歡開著新跑車在城裡到處炫耀。	[{"text":"flaunt one's wealth","meaningZh":"炫耀財富"}]
flavor	noun	noun	the distinctive taste of a food or drink, or a distinctive quality or character	味道；風味；特色	常見 a fruity flavor，也可比喻性地指某事物獨特的氣質或風格，如 a local flavor（當地特色）。	The soup has a rich, savory flavor.	這道湯有濃郁鮮美的味道。	[{"text":"a rich flavor","meaningZh":"濃郁的風味"},{"text":"a local flavor","meaningZh":"地方特色"}]
flaw	noun	noun	a mark, fault, or imperfection that spoils something's appearance or reduces its value	瑕疵；缺陷	常見 a fatal/design flaw，指使事物不完美或有問題的缺點，可指實體瑕疵或抽象缺陷。	The diamond had a small flaw visible only under magnification.	這顆鑽石有個小瑕疵，只有在放大鏡下才看得見。	[{"text":"a fatal flaw","meaningZh":"致命缺陷"}]
fleck	noun	noun	a small mark, spot, or particle	斑點；小碎片	常見 flecks of paint/dust，指散布的細小斑點或碎屑，常用複數形式。	Her jacket was covered in flecks of white paint.	她的外套上沾滿了白色油漆的斑點。	[{"text":"flecks of paint","meaningZh":"油漆碎屑"}]
fleck	verb	verb	to mark or cover something with small spots or particles	使布滿斑點	常見被動 be flecked with，指表面散布著細小的斑點或雜色。	Her hair was flecked with gray.	她的頭髮夾雜著點點灰白。	[{"text":"flecked with gold","meaningZh":"點綴著金色斑點"}]
flee	verb	verb	to run away from a place or situation, especially out of danger or fear	逃離；逃跑	常見 flee the country/danger，強調因害怕或危險而迅速離開。	Thousands of refugees fled the war-torn country.	數千名難民逃離了這個飽受戰爭蹂躪的國家。	[{"text":"flee from danger","meaningZh":"逃離危險"}]
fleece	noun	noun	the woolly coat of a sheep, or a soft warm fabric made to resemble it	羊毛；羊毛絨布料	常見 a sheep's fleece（羊毛），也可指仿羊毛材質的保暖衣物，如 a fleece jacket。	The sheep's fleece is sheared once a year.	這隻羊的羊毛每年剪一次。	[{"text":"a fleece jacket","meaningZh":"羊毛絨外套"}]
fleece	verb	verb	to swindle or overcharge someone, especially by deceiving them	詐騙；敲竹槓	及物動詞，口語用法，常見 fleece customers/tourists，強調以不誠實手段騙取金錢。	The tour company was accused of fleecing tourists with hidden fees.	這家旅行社被指控以隱藏費用敲觀光客竹槓。	[{"text":"fleece someone out of money","meaningZh":"騙取某人的錢"}]
fleet	noun	noun	a group of ships, vehicles, or aircraft operated together, especially under one owner	船隊；車隊；機隊	常見 a fishing fleet、a fleet of taxis，指同屬一個組織或所有者管理的一批交通工具。	The company operates a fleet of over two hundred delivery trucks.	這家公司經營著一支超過兩百輛貨車的車隊。	[{"text":"a fleet of ships","meaningZh":"一支船隊"}]
flexibility	noun	noun	the quality of being able to bend or adapt easily without breaking	靈活性；彈性	常見 physical flexibility（身體柔軟度）、flexibility in scheduling（時間安排上的彈性），涵蓋身體與抽象兩種常見語境。	The job offers a lot of flexibility in working hours.	這份工作在工作時間上提供了很大的彈性。	[{"text":"flexibility in working hours","meaningZh":"工時上的彈性"}]
flexible	adjective	adjective	able to bend or adapt easily without breaking	靈活的；有彈性的	常修飾 material、schedule、person，可指物理上的柔軟，也可指抽象層面的適應力或彈性安排。	Yoga can help make your muscles more flexible.	瑜伽有助於讓你的肌肉更柔軟。	[{"text":"flexible working hours","meaningZh":"彈性工時"}]
flick	noun	noun	a quick, light movement, especially of the wrist or fingers, or an informal term for a movie	輕彈（動作）；（口語）電影	常見 a flick of the wrist，口語中也可指電影（go see a flick）。	With a flick of her wrist, she turned off the lamp.	她手腕輕輕一甩，就把燈關掉了。	[{"text":"a flick of the wrist","meaningZh":"手腕輕輕一甩"}]
flick	verb	verb	to move something with a quick, light movement, especially using the fingers or wrist	輕彈；快速撥動	及物動詞，常見 flick a switch/one's hair，強調動作迅速而輕巧。	He flicked the switch and the lights came on.	他輕輕一按開關，燈就亮了。	[{"text":"flick a switch","meaningZh":"快速撥動開關"}]
flinch	verb	verb	to make a quick, involuntary movement of the body as a reaction to pain, fear, or surprise	畏縮；退縮（因痛苦、恐懼或驚嚇）	不及物動詞，常見 flinch at the sight of，也可比喻性地指面對困難時退縮不前，如 didn't flinch。	She flinched at the loud noise of the fireworks.	她被煙火的巨響嚇得縮了一下。	[{"text":"flinch at the sound","meaningZh":"聽到聲音而畏縮"}]
fling	noun	noun	a short period of enjoyment or a brief, casual romantic relationship	（短暫的）放縱；一時的風流韻事	常見 have a fling，指短暫、不打算長久的戀情或放縱行為。	They had a brief fling during their vacation in Spain.	他們在西班牙度假時有過一段短暫的戀情。	[{"text":"a summer fling","meaningZh":"夏日短暫戀情"}]
fling	verb	verb	to throw something forcefully and carelessly	用力扔；猛擲	及物動詞，常見 fling something across the room，強調動作用力且隨意，不同於精準的 throw。	He angrily flung the papers across the desk.	他生氣地把文件用力扔到桌子另一端。	[{"text":"fling open the door","meaningZh":"猛然推開門"}]
flip	noun	noun	a quick turning or somersaulting movement, or a sudden reversal	翻轉；（體操的）翻筋斗；突然的轉變	常見 do a flip（翻筋斗）、flip a coin（擲硬幣），也可比喻性地指立場或決定的突然轉變。	The gymnast performed a perfect backward flip.	這位體操選手完成了一個完美的後翻。	[{"text":"a coin flip","meaningZh":"擲硬幣"},{"text":"a back flip","meaningZh":"後空翻"}]
flit	noun	noun	a quick, light movement from one place to another (rare; usually used to describe a bird's or insect's movement)	輕快掠過（動作，此名詞用法罕見）	此詞語主要以動詞形式使用（見 flit verb 義項），名詞用法極少見，多見於詩意描述。	With a quick flit, the sparrow disappeared into the hedge.	麻雀輕快地一閃，便消失在樹籬中。	[]
flit	verb	verb	to move quickly and lightly from one place to another, often changing direction frequently	輕快地飛掠；迅速穿梭	不及物動詞，常見 flit from flower to flower，強調動作輕盈、快速且經常改變方向或對象。	The butterfly flitted from flower to flower in the garden.	這隻蝴蝶在花園裡從一朵花輕快地飛到另一朵花。	[{"text":"flit from flower to flower","meaningZh":"在花朵間飛掠"}]
float	noun	noun	an object designed to stay on the surface of a liquid, or a decorated vehicle used in a parade	浮標；（遊行用的）花車	常見 a fishing float（釣魚浮標）、a parade float（遊行花車），依上下文判斷具體所指。	The children waved from the colorful parade float.	孩子們在色彩繽紛的遊行花車上揮手。	[{"text":"a parade float","meaningZh":"遊行花車"},{"text":"a fishing float","meaningZh":"釣魚浮標"}]
flock	noun	noun	a group of birds or sheep gathered or feeding together, or a large crowd of people	（鳥或羊的）群；（人的）一大群	常見 a flock of sheep/birds，也可比喻性地指大批群眾聚集，如 flocks of tourists。	A flock of geese flew south for the winter.	一群大雁飛往南方過冬。	[{"text":"a flock of sheep","meaningZh":"一群羊"}]
flock	verb	verb	(of people) to gather or move somewhere in large numbers	蜂擁而至；成群聚集	不及物動詞，常見 tourists flock to，強調大批人潮湧向某個地方。	Thousands of fans flocked to the stadium for the concert.	數千名歌迷蜂擁至體育館參加這場演唱會。	[{"text":"flock to the beach","meaningZh":"蜂擁到海灘"}]
flood	noun	noun	an overflow of water onto land that is normally dry, or a large quantity of something arriving at once	洪水；（大量湧入的）事物	常見 a flash flood，也可比喻性地指大量事物同時出現，如 a flood of complaints（大量投訴）。	The flood destroyed dozens of homes along the river.	這場洪水摧毀了河邊數十棟房屋。	[{"text":"flash flood","meaningZh":"暴洪"},{"text":"a flood of complaints","meaningZh":"大量湧入的投訴"}]
floppy	adjective	adjective	tending to hang or bend loosely rather than being firm or rigid	鬆軟下垂的；軟塌塌的	常修飾 hat、ears、hair，強調缺乏支撐力而自然下垂或搖晃，語氣中性偏可愛。	The puppy has cute, floppy ears.	這隻小狗有著可愛的軟垂耳朵。	[{"text":"floppy ears","meaningZh":"鬆軟下垂的耳朵"}]
florid	adjective	adjective	excessively elaborate or ornate, especially in style or language, or (of a person's complexion) flushed and reddish	過分華麗的；辭藻堆砌的；（臉色）紅潤的	常見 florid prose（華而不實的文筆）、a florid complexion（紅潤的臉色），依語境判斷具體意涵。	The critic dismissed the novel's florid, overwrought prose.	評論家批評這部小說辭藻堆砌、過於矯揉造作。	[{"text":"florid prose","meaningZh":"辭藻華麗的散文"},{"text":"a florid complexion","meaningZh":"紅潤的臉色"}]
flounder	verb	verb	to struggle to move or act, or to have difficulty deciding what to do or say, often due to confusion	掙扎；手足無措；陷入困境	不及物動詞，常見 flounder in the water（在水中掙扎），也可比喻性地指面對困難時不知所措，如 flounder financially。	The new employee floundered during his first presentation.	這位新進員工在第一次簡報時顯得手足無措。	[{"text":"flounder in the water","meaningZh":"在水中掙扎"}]
flour	noun	noun	a fine powder made by grinding grain, especially wheat, used in cooking and baking	麵粉	不可數名詞，常見 a cup of flour，指烘焙或烹飪中使用的穀物研磨粉末。	Sift the flour before adding it to the batter.	在把麵粉加入麵糊之前先過篩。	[{"text":"plain flour","meaningZh":"普通麵粉"},{"text":"wholemeal flour","meaningZh":"全麥麵粉"}]
flourish	noun	noun	a bold or dramatic gesture or action, or an elaborate decorative flourish in writing or music	誇張的動作；花俏的裝飾（書法或音樂中）	常見 with a flourish（誇張地、大動作地），指帶有戲劇性、引人注目的舉動或裝飾。	He signed the document with a flourish of his pen.	他揮筆簽署文件，動作十分誇張。	[{"text":"with a flourish","meaningZh":"以誇張瀟灑的動作"}]
flout	verb	verb	to openly disregard or disobey a rule, law, or convention	公然藐視；公然違反（規則或法律）	及物動詞，常見 flout the law/rules，強調公開、毫不掩飾地不遵守規範，語氣帶強烈負面。	The company was fined for flouting environmental regulations.	這家公司因公然違反環保法規而被罰款。	[{"text":"flout the law","meaningZh":"公然違法"}]
fluctuation	noun	noun	an irregular rise and fall in the level, amount, or quality of something	波動；起伏	常見 price/temperature fluctuations，指數值或狀態不規律地上下變動。	The stock market experienced significant fluctuations this week.	股市本週出現了明顯的波動。	[{"text":"price fluctuations","meaningZh":"價格波動"}]
fluid	noun	noun	a substance that flows and has no fixed shape, such as a liquid or gas	流體；液體	常見 bodily fluids（體液）、hydraulic fluid（液壓油），泛指液態或氣態物質。	Doctors advised her to drink plenty of fluids while recovering.	醫生建議她在復原期間多喝流質。	[{"text":"body fluids","meaningZh":"體液"}]
fluid	adjective	adjective	able to flow easily, or (of a situation or plan) likely to change and not fixed	流動的；（情勢）不穩定的、易變的	常修飾 movement、situation，可指物理上的流動性，也可比喻性地形容計畫或局勢尚未定型、隨時可能改變。	The political situation remains fluid, with no clear outcome yet.	政治局勢仍然變動不定，尚未有明確結果。	[{"text":"a fluid situation","meaningZh":"變動不定的局勢"}]
flunk	noun	noun	an act of failing an exam or course (informal, American usage)	（考試或科目）不及格（此名詞用法罕見，多作動詞使用）	此詞語主要作動詞使用（見 flunk verb 義項），名詞用法極為罕見，多見於非正式美式口語。	After his third flunk, he decided to switch majors.	在第三次被當之後，他決定轉系。	[]
flunk	verb	verb	to fail an exam, course, or test, especially in American English	（考試、科目）不及格；被當	及物或不及物動詞，美式口語常用，如 flunk a test/class，語氣輕鬆非正式。	He flunked his math test because he didn't study.	他因為沒讀書，數學考試被當掉了。	[{"text":"flunk an exam","meaningZh":"考試不及格"},{"text":"flunk out of college","meaningZh":"因成績不及格而被大學退學"}]
fluorescent	noun	noun	a light or lamp that produces light through fluorescence (informal shortening of "fluorescent light")	日光燈；螢光燈（fluorescent light 的簡稱）	口語中常省略 light，直接用 a fluorescent 指螢光燈管本身。	The office replaced all the old fluorescents with LED lights.	辦公室把所有舊的日光燈都換成了LED燈。	[{"text":"replace the fluorescents","meaningZh":"更換螢光燈管"}]
fluorescent	adjective	adjective	emitting a bright light through a chemical or physical process, often appearing vividly bright, especially under ultraviolet light	螢光的；日光的（發出鮮豔亮光的）	常見 fluorescent lighting/paint，也可形容顏色極為鮮豔醒目，如 fluorescent yellow（螢光黃）。	She wore a fluorescent yellow vest for safety while cycling.	她騎車時穿了一件螢光黃背心以策安全。	[{"text":"fluorescent lighting","meaningZh":"螢光照明"}]
flush	noun	noun	a sudden reddening of the face, or a sudden rush of a strong feeling	（臉部的）泛紅；（情感的）湧現	常見 a flush of embarrassment/excitement，指因情緒波動而臉紅，或情感突然湧上心頭。	A flush of embarrassment spread across her cheeks.	一陣尷尬的紅暈爬上她的臉頰。	[{"text":"a flush of embarrassment","meaningZh":"因尷尬而泛紅"}]
flush	verb	verb	(of a person's face) to turn red, especially from embarrassment or heat, or to clean something by passing water through it	（臉）漲紅；沖洗（用水沖）	不及物動詞可指臉紅，如 flush with embarrassment；及物動詞則指用水沖洗，如 flush the toilet。	She flushed red when everyone turned to look at her.	當大家轉頭看她時，她的臉一下子漲紅了。	[{"text":"flush with embarrassment","meaningZh":"因尷尬而臉紅"},{"text":"flush the toilet","meaningZh":"沖馬桶"}]
flutter	noun	noun	a quick, light, irregular movement, especially of wings, or a state of nervous excitement	振翅；顫動；（情緒的）小騷動	常見 a flutter of wings、a flutter of excitement，指輕快不規律的擺動或因興奮而產生的輕微騷動。	A flutter of butterflies passed by the window.	一群蝴蝶振翅飛過窗邊。	[{"text":"a flutter of excitement","meaningZh":"一陣興奮"}]
flutter	verb	verb	to move quickly and lightly in an irregular way, especially wings, or (of the heart) to beat rapidly and irregularly, often from excitement	振翅；輕輕擺動；（心）撲通跳動	不及物動詞，常見 flags flutter in the wind、her heart fluttered，強調輕快不規律的擺動或心跳因情緒而加速。	The flag fluttered gently in the breeze.	這面旗幟在微風中輕輕飄動。	[{"text":"flutter one's wings","meaningZh":"輕拍翅膀"}]
foam	noun	noun	a mass of small bubbles formed on or in a liquid, or a light material used for cushioning	泡沫；發泡材料	常見 sea foam、foam mattress，指液體表面形成的細小氣泡，或用於緩衝的輕質材料。	White foam covered the surface of the waves.	白色泡沫覆蓋在海浪表面。	[{"text":"shaving foam","meaningZh":"刮鬍泡沫"}]
foam	verb	verb	to produce or form a mass of small bubbles	起泡沫；冒泡	不及物動詞，常見 the beer foamed，也可比喻性地形容極度憤怒，如 foam at the mouth。	The soap foamed up quickly under the running water.	肥皂在流動的水下很快就起了泡沫。	[{"text":"foam at the mouth","meaningZh":"口吐白沫"}]
fodder	noun	noun	food given to livestock, especially hay or straw, or material used to support or provide content for something	（家畜的）飼料；（比喻）素材、題材	常見 cattle fodder，也可比喻性地指提供給某事物的素材，如 fodder for gossip（八卦的話題素材）。	The barn was stocked with fodder for the winter months.	穀倉裡儲存了過冬用的飼料。	[{"text":"fodder for cattle","meaningZh":"牛飼料"},{"text":"fodder for gossip","meaningZh":"八卦話題的素材"}]
fodder	verb	verb	to provide livestock with food, especially hay or straw	餵（家畜）飼料	及物動詞，農業用語，較為罕見，通常直接用 feed 取代，此為語料庫登記之動詞用法。	The farmhands fodder the cattle twice a day.	農場工人每天餵牛兩次飼料。	[{"text":"fodder cattle","meaningZh":"餵牛飼料（農業用語）"}]
foil	noun	noun	a thin, flexible sheet of metal, or a person or thing that provides a contrast that highlights another's qualities	（金屬）箔；（襯托的）對照物	常見 aluminum foil（鋁箔），也可比喻性地指襯托主角特質的配角，如 a foil to the hero。	Wrap the leftovers in aluminum foil before refrigerating.	把剩菜用鋁箔紙包起來再放進冰箱。	[{"text":"aluminium foil","meaningZh":"鋁箔"},{"text":"a foil for the hero","meaningZh":"襯托主角的人物"}]
fold	noun	noun	a bend or crease made by folding something, or a group of sheep enclosed by a fence	摺痕；褶疊；（圈養）羊欄	常見 the folds of a curtain，也可指圍欄內的羊群（sheep fold），依語境判斷。	The dress had elegant folds of silk fabric.	這件洋裝有著優雅的絲質褶皺。	[{"text":"folds of fabric","meaningZh":"布料的褶疊"},{"text":"return to the fold","meaningZh":"回歸原來的團體"}]
folly	noun	noun	a lack of good sense; a foolish action or idea	愚蠢；愚行	常見 an act of folly，強調缺乏理智判斷所導致的荒謬行為，語氣正式偏文學。	Investing all his savings in one stock was pure folly.	把所有積蓄投入單一股票純粹是愚蠢之舉。	[{"text":"an act of folly","meaningZh":"愚蠢的行為"}]
foolish	adjective	adjective	lacking good sense or judgment; unwise	愚蠢的；不明智的	常修飾 decision、mistake，也可修飾人，指做出缺乏判斷力的行為，語氣較 stupid 溫和。	It would be foolish to ignore the doctor's advice.	忽視醫生的建議會是很不明智的。	[{"text":"a foolish mistake","meaningZh":"愚蠢的錯誤"}]
forbid	verb	verb	to order someone not to do something, or to make something not allowed	禁止	及物動詞，常見 forbid someone to do something 或 forbid something，語氣正式，強調正式或權威性的禁止。	The rules forbid smoking anywhere in the building.	規定禁止在這棟建築物的任何地方吸菸。	[{"text":"forbid someone from doing something","meaningZh":"禁止某人做某事"}]
foresee	verb	verb	to know or anticipate that something will happen in the future	預見；預料	及物動詞，常見 foresee problems/consequences，強調在事情發生前就有所預料或推測。	No one could have foreseen such a rapid change in the market.	沒有人能預見市場會出現如此快速的變化。	[{"text":"foresee a problem","meaningZh":"預見問題"}]
foreshadow	verb	verb	to be a warning or indication of a future event	預示；預兆（未來事件）	及物動詞，常見於文學分析，如 the scene foreshadows the tragic ending，強調事件或細節暗示了後續發展。	The dark clouds foreshadowed the storm that was about to hit.	烏雲密布預示著即將來襲的暴風雨。	[{"text":"foreshadow future events","meaningZh":"預示未來事件"}]
forestry	noun	noun	the science or practice of planting, managing, and caring for forests	林業；森林學	常見 a forestry degree/department，指與森林種植、管理及維護相關的專業領域。	He studied forestry at university and now manages a national park.	他大學主修林業，現在負責管理一座國家公園。	[{"text":"sustainable forestry","meaningZh":"永續林業"}]
forfeit	noun	noun	something that is given up or lost as a penalty for a mistake, failure, or breach of rules	罰金；沒收之物（因違規或失敗而喪失的東西）	常見 pay a forfeit，指因違反規定或未履行條件而被沒收的財物或權利。	Failure to complete the contract resulted in a forfeit of the deposit.	未能履行合約導致訂金被沒收。	[{"text":"pay a forfeit","meaningZh":"繳納罰金"}]
forfeit	verb	verb	to lose or give up something as a penalty for a mistake, failure, or rule violation	喪失；被沒收（因違規或未履行義務）	及物動詞，常見 forfeit the right/deposit，強調因未達成某條件而失去原本擁有的權利或財物。	The team forfeited the match after failing to show up on time.	這支球隊因未能準時到場而被判棄權喪失比賽資格。	[{"text":"forfeit a deposit","meaningZh":"被沒收押金"}]
forge	noun	noun	a workshop where metal is heated and shaped, especially by a blacksmith	鍛造場；鐵匠鋪	常見 a blacksmith's forge，指用於加熱、鍛造金屬的工作場所。	The old forge still stands at the edge of the village.	這座老舊的鐵匠鋪仍矗立在村莊邊緣。	[{"text":"a blacksmith's forge","meaningZh":"鐵匠的鍛造場"}]
forge	verb	verb	to make or shape metal by heating and hammering it, to create something through great effort, or to illegally copy a document or signature	鍛造；建立（透過努力）；偽造（文件或簽名）	及物動詞，涵蓋三種常見用法：鍛造金屬（forge a sword）、建立關係（forge an alliance）、偽造文件（forge a signature），須依語境判斷語意。	The two countries worked together to forge a lasting peace agreement.	兩國共同努力，建立了一項持久的和平協議。	[{"text":"forge a signature","meaningZh":"偽造簽名"},{"text":"forge an alliance","meaningZh":"建立聯盟"}]
