lemma	sense	pos	definitionEn	definitionZh	usageExplanationZh	exampleEn	exampleZh
unsettle	verb	verb	to make someone feel anxious or uneasy	使人不安；使心神不寧	常見 be unsettled by something，強調事件或消息造成的心理不安，語氣正式。	The strange noise unsettled the children.	那個奇怪的聲音使孩子們感到不安。
untold	adjective_amount	adjective	too great or too many to be counted or measured	難以計數的；無數的	常修飾 damage、wealth、suffering 等抽象名詞，強調程度極大，語氣書面。	The war caused untold suffering to civilians.	這場戰爭為平民帶來了難以計數的苦難。
untold	adjective_unrevealed	adjective	not told or made public	未透露的；未被說出的	常見 an untold story（未被說出的故事），強調事情尚未被公開或講述。	This is the untold story of the mission's true cost.	這是這次任務真正代價那段未被說出的故事。
unveil	verb	verb	to show or announce something publicly for the first time	揭露；公開展示；揭幕	常見 unveil a plan/product/statue，指首次向大眾展示或公布某事物。	The company unveiled its latest smartphone at the conference.	這家公司在大會上發表了其最新款智慧型手機。
unwarranted	adjective	adjective	not justified or authorized; unnecessary	無根據的；不正當的	常修飾 criticism、attack、fear 等，強調缺乏合理理由的行為或情緒。	Her harsh criticism of the intern was completely unwarranted.	她對這名實習生的嚴厲批評完全沒有道理。
update	noun	noun	a piece of new information about a situation, or a new version of software	最新消息；更新（軟體）	常見 give an update（提供最新消息）、software update（軟體更新），資訊科技語境常用。	Please send me an update on the project's progress.	請把專案進度的最新消息寄給我。
update	verb	verb	to give someone the latest information, or to make something more modern or current	更新；使知悉最新狀況	常見 update a file/record，也可指告知某人最新情況，如 update someone on。	She updated the software to fix the security bug.	她更新了軟體以修復這個安全漏洞。
upgrade	noun	noun	an improvement or addition that makes something better or more advanced	升級（版）	常見 a free upgrade、software upgrade，指設備、系統或服務等級的提升。	He received a free upgrade to business class on his flight.	他這趟航班獲得免費升等到商務艙。
uphold	verb	verb	to confirm or support something, especially a law, decision, or principle	維護；支持；堅持	常見 uphold the law/a decision，強調堅定支持既有規範或裁決，語氣正式。	The court upheld the original verdict on appeal.	法院在上訴時維持了原判決。
upright	adjective	adjective	vertical or in a straight position, or honest and morally correct	直立的；正直的	物理義指姿勢挺直，如 sit upright；比喻義形容人品行端正，如 an upright citizen。	Please keep your seat in the upright position during takeoff.	起飛時請將椅背保持在直立位置。
urban	adjective	adjective	relating to a city or densely populated area	城市的；都市的	常見 urban area/planning/life，與 rural（鄉村的）相對。	The city government focused on improving urban public transport.	市政府致力於改善都市大眾運輸系統。
urge	verb	verb	to strongly encourage or advise someone to do something	力勸；敦促	常接 urge someone to do something，語氣比 encourage 更強烈、更急迫。	Doctors urged the public to get vaccinated before winter.	醫生們敦促民眾在冬季來臨前接種疫苗。
urge	noun	noun	a strong desire or impulse to do something	衝動；強烈慾望	常見 have an urge to do something，指難以壓抑的內心衝動。	She felt a sudden urge to laugh during the meeting.	她在會議中突然有股想笑的衝動。
urgency	noun	noun	the quality of requiring immediate action or attention	緊急；急迫性	常見 a sense of urgency（急迫感），強調事情需要立即處理的程度。	The doctor's tone conveyed a real sense of urgency.	醫生的語氣傳達出真正的急迫感。
urgent	adjective	adjective	requiring immediate action or attention	緊急的；急迫的	常修飾 matter、message、need，強調不能拖延、需立刻處理。	She left the meeting to take an urgent phone call.	她離開會議去接一通緊急電話。
usage	noun	noun	the way in which a word or phrase is used, or the amount of something used	用法；使用（量）	常見 word usage（詞語用法）、water usage（用水量），依語境略有不同。	The dictionary gives examples of correct word usage.	這本字典提供了正確用詞的例句。
useless	adjective	adjective	not fulfilling or not able to fulfill the intended purpose or function	無用的；沒有用的	常接 useless at/for，也可用於自嘲或抱怨，如 I'm useless at cooking。	This old phone is useless without a charger.	沒有充電器的話，這支舊手機就沒用了。
usurp	verb	verb	to take a position of power or authority illegally or by force	篡奪；奪取（權力）	常見 usurp the throne/power，語氣正式，多用於政治或歷史情境。	The general usurped the throne after a violent coup.	這名將軍在一場暴力政變後篡奪了王位。
utilitarian	adjective	adjective	designed to be useful or practical rather than attractive	實用主義的；功利的	常修飾 design、furniture，強調重視實用性勝過美觀，語氣中性偏正式。	The building's utilitarian design prioritizes function over beauty.	這棟建築物採用實用主義的設計，重視功能勝過美觀。
utilitarian	noun	noun	a person who believes actions should be judged by their usefulness or benefit to the majority	功利主義者	哲學用語，指主張以行為對多數人利益之貢獻來評斷道德價值的人。	As a utilitarian, she judges policies by their overall benefit to society.	身為功利主義者，她以政策對整體社會的效益來評判其優劣。
utility	noun	noun	the state of being useful, or a public service such as electricity or water	實用性；公用事業	常見 public utility（公用事業，如水電瓦斯），也可泛指某物的實用價值。	The gadget's utility outweighs its high price.	這個裝置的實用性超過了它高昂的價格。
utilize	verb	verb	to make practical and effective use of something	利用；使用	語氣比 use 更正式，常見於書面或商業情境，如 utilize resources。	The team utilized every available resource to meet the deadline.	這個團隊利用了每一項可用的資源以趕上截止期限。
utter	verb	verb	to say something, especially something brief	說出；發出（聲音）	常見 utter a word/sound，語氣正式，強調開口說話這個動作本身。	He didn't utter a single word during the entire meeting.	他在整場會議中一句話都沒說。
utterance	noun	noun	a spoken word, statement, or vocal sound	言詞；發言	語言學或正式書面用語，指說出口的話語或聲音單位。	Her every utterance was recorded for the official transcript.	她的每一句發言都被記錄下來作為正式文字紀錄。
utterly	adverb	adverb	completely and totally	完全地；徹底地	常修飾負面形容詞，如 utterly ridiculous/exhausted，語氣強烈。	The plan was utterly ridiculous from the start.	這項計畫從一開始就完全荒謬。
vacancy	noun	noun	an available job position, or an unoccupied room in a hotel	空缺（職位）；空房	常見 job vacancy、hotel vacancy，指目前無人佔用或未被填補的位置。	The hotel had no vacancies during the holiday weekend.	這家飯店在假日週末沒有空房。
vaccinate	verb	verb	to give someone a vaccine to protect against a disease	接種疫苗	常見 vaccinate against，指施打疫苗以預防特定疾病，語氣中性醫學用語。	Parents are encouraged to vaccinate their children against measles.	家長們被鼓勵讓孩子接種麻疹疫苗。
vaccine	noun	noun	a substance used to stimulate immunity to a disease	疫苗	常見 receive/develop a vaccine，指用來預防疾病的醫學製劑。	Scientists developed a new vaccine in record time.	科學家們以破紀錄的速度研發出一款新疫苗。
vacillate	verb	verb	to waver between different opinions or actions; to be indecisive	猶豫不決；搖擺不定	常接 vacillate between A and B，語氣書面，強調難以做出決定的狀態。	He vacillated between accepting and rejecting the job offer.	他在接受與拒絕這份工作邀約之間猶豫不決。
vacuum	noun	noun	a space entirely empty of matter, or a device for cleaning by suction	真空；吸塵器	常見 a power vacuum（權力真空），也可指 vacuum cleaner 的簡稱。	Nature abhors a vacuum, both literally and figuratively.	無論是字面上還是比喻上，自然界都厭惡真空狀態。
vacuum	verb	verb	to clean a surface using a vacuum cleaner	用吸塵器清潔	日常家務動詞，直接接受詞，如 vacuum the carpet。	She vacuums the living room every Saturday morning.	她每週六早上都會用吸塵器清潔客廳。
vague	adjective	adjective	not clearly expressed or defined; uncertain	模糊的；含糊的	常修飾 description、idea、memory，強調不明確、不具體的性質。	His explanation was too vague to be useful.	他的解釋太過模糊，沒有實際幫助。
vain	adjective	adjective	having excessive pride in one's appearance or achievements, or producing no result	自負的；徒勞的	兩義：形容人愛慕虛榮（she is vain），或指努力沒有效果（in vain）。	They tried in vain to revive the drowning victim.	他們試圖搶救溺水者，卻徒勞無功。
valiant	adjective	adjective	showing courage or determination	勇敢的；英勇的	常修飾 effort、attempt，強調面對困難仍堅持不懈的勇氣，語氣書面。	Despite a valiant effort, the team lost the final match.	儘管付出英勇的努力，這支隊伍仍輸掉了決賽。
valid	adjective	adjective	legally or officially acceptable, or based on sound reasoning	有效的；合理的	常見 a valid passport（有效護照）、a valid argument（合理的論點），依語境略有不同。	Your driver's license is no longer valid after it expires.	你的駕照過期後就不再有效。
validity	noun	noun	the quality of being legally or officially acceptable, or logically sound	有效性；正當性	常見 question the validity of，指對某事合法性或論證正確性的質疑。	The researchers questioned the validity of the survey's methodology.	研究人員質疑這項調查方法的有效性。
valuation	noun	noun	an estimation of the worth or value of something	估價；評估價值	常見於財務或房地產情境，如 property valuation（房產估價）。	The company's valuation rose sharply after the merger.	這家公司的估值在合併後大幅上升。
valve	noun	noun	a device that regulates the flow of a liquid or gas by opening or closing a passage	閥門；活門	常見於機械、水管或心臟結構描述，如 heart valve（心臟瓣膜）。	The plumber replaced the faulty valve in the water pipe.	水管工更換了水管中故障的閥門。
vandalism	noun	noun	deliberate destruction of or damage to public or private property	蓄意破壞（財物）	常見 an act of vandalism，強調惡意毀損他人財物的行為，語氣負面。	The playground was closed after an act of vandalism.	這座遊樂場在遭到蓄意破壞後便關閉了。
vanilla	noun	noun	a flavoring derived from the pods of a tropical orchid, or something plain and ordinary	香草；（比喻）平淡無奇之物	字面義指香草口味；口語比喻用法指普通、無特色的事物，如 a vanilla plan。	She ordered a scoop of vanilla ice cream.	她點了一球香草冰淇淋。
vanish	verb	verb	to disappear suddenly and completely	消失；突然不見	常見 vanish into thin air（憑空消失），語氣帶有戲劇性或神秘感。	The magician made the coin vanish before our eyes.	魔術師讓那枚硬幣在我們眼前消失了。
vanity	noun	noun	excessive pride in one's own appearance or achievements	虛榮心；自負	常見 out of vanity（出於虛榮心），語氣帶輕微負面評價。	He refused to wear glasses out of sheer vanity.	他純粹出於虛榮心而拒絕戴眼鏡。
variable	noun	noun	an element or factor that is liable to vary or change	變數；可變因素	常見於科學、數學或統計語境，指可能改變的量或條件。	Weather is a major variable that could affect the outcome.	天氣是可能影響結果的一項主要變數。
variable	adjective	adjective	not consistent or having a fixed pattern; likely to change	多變的；可變的	常修飾 weather、rate、quality，強調不穩定、容易改變的特性。	The interest rate on this loan is variable, not fixed.	這筆貸款的利率是浮動的，並非固定利率。
variance	noun	noun	the fact or quality of being different, divergent, or inconsistent	差異；不一致	常見 at variance with（與……不一致），語氣正式書面。	Her account of events was at variance with the witness's testimony.	她對事件的描述與這名證人的證詞不一致。
variant	adjective	adjective	differing from a standard or type, but similar in most respects	不同版本的；變異的	常修飾 spelling、form、virus strain，強調與標準略有差異的版本。	"Colour" is a variant spelling of "color."	"colour" 是 "color" 的一種變體拼法。
variation	noun	noun	a change or difference in condition, amount, or level	變化；差異	常見 variation in temperature/price，指某事物在程度或狀態上的改變或不同。	There was significant variation in exam scores between classes.	各班之間的考試成績存在顯著差異。
varnish	noun	noun	a liquid that dries to form a hard, clear, shiny surface on wood	亮光漆；清漆	常見於木工或美術用語，用於保護並增加木材表面的光澤。	He applied a coat of varnish to protect the wooden table.	他塗了一層亮光漆來保護這張木桌。
varnish	verb	verb	to coat something with varnish	上漆；塗亮光漆	直接接受詞，如 varnish the floor，指塗覆保護性亮光塗料的動作。	She varnished the shelves before putting the books back.	她在把書放回去之前先為架子上了亮光漆。
vary	verb	verb	to differ or become different in size, amount, degree, or nature	不同；變化	常接 vary from A to B 或 vary depending on，強調事物之間或隨條件而有的差異。	Prices vary depending on the season and demand.	價格會依季節與需求而有所不同。
vascular	adjective	adjective	relating to blood vessels or veins in the body or in plants	血管的；脈管的	醫學或生物用語，常見 vascular disease/system，指與血管系統相關的事物。	He was diagnosed with a vascular disease affecting his legs.	他被診斷出患有影響雙腿的血管疾病。
vast	adjective	adjective	extremely large in area, size, amount, or extent	廣大的；巨大的	常修飾 area、amount、majority，強調規模或數量極為龐大，語氣書面。	The vast majority of students passed the exam.	絕大多數學生都通過了這場考試。
veer	verb	verb	to change direction suddenly	突然轉向；偏離	常見 veer off course/to the left，也可比喻指話題或計畫突然改變方向。	The car veered off the road to avoid the deer.	那輛車為了閃避那隻鹿而突然偏離道路。
vegetation	noun	noun	plants collectively, especially those found in a particular area	植被；草木	集合名詞，泛指某地區的植物整體，常見於地理或生態描述。	Thick vegetation covered the hillside after years of neglect.	多年疏於整理後，濃密的植被覆蓋了這座山坡。
vein	noun	noun	one of the tubes that carry blood to the heart, or a distinctive style or quality	靜脈；（比喻）風格；一絲	字面義指血管；比喻用法如 in a similar vein（以類似的風格），也可指 a vein of humor（一絲幽默）。	The nurse found it difficult to locate a vein for the injection.	護理師發現很難找到血管以進行注射。
velocity	noun	noun	the speed of something in a given direction	速度；速率	物理學用語，強調含方向性的速度，常見 high velocity（高速）。	The bullet traveled at an extremely high velocity.	這顆子彈以極高的速度飛行。
velvet	noun	noun	a fabric with a thick, soft pile on one side	絲絨；天鵝絨	常見於布料描述，如 a velvet dress，質感柔軟厚實。	The curtains were made of deep red velvet.	這些窗簾是用深紅色的絲絨製成的。
vendor	noun	noun	a person or company that sells goods or services	小販；供應商	常見 a street vendor（街頭小販）、a software vendor（軟體供應商），依語境指販售者。	Street vendors sold fresh fruit along the market road.	街頭小販沿著市場道路販售新鮮水果。
veneer	noun_material	noun	a thin decorative layer of fine wood covering a coarser one	（木材）貼皮；薄板	家具工藝用語，指覆蓋在較粗糙材質表面的薄層裝飾木材。	The table's oak veneer gave it an expensive look.	這張桌子的橡木貼皮讓它看起來很高級。
veneer	noun_figurative	noun	a superficial or false appearance of a good quality	（比喻）表面的假象；外表	比喻用法，指掩蓋真實本質的表面裝飾，如 a veneer of civility。	Beneath his veneer of politeness lay real hostility.	在他表面的禮貌之下，其實藏著真正的敵意。
venerable	adjective	adjective	accorded great respect, especially because of age, wisdom, or character	受人尊敬的；德高望重的	常修飾年長或資深人士，如 a venerable scholar，語氣正式且帶敬意。	The venerable professor had taught at the university for fifty years.	這位德高望重的教授已在這所大學任教五十年。
venerate	verb	verb	to regard with great respect or reverence	崇敬；敬仰	常接 venerate someone/something as，語氣正式書面，強調深切的敬意。	The ancient philosopher is still venerated by scholars today.	這位古代哲學家至今仍受到學者的崇敬。
vengeance	noun	noun	punishment inflicted in retaliation for an injury or wrong	復仇；報復	常見 seek/take vengeance，語氣強烈，強調因受害而採取的報復行為。	He swore vengeance against those who had betrayed him.	他發誓要向那些背叛他的人復仇。
ventral	adjective	adjective	relating to or situated on the underside of an animal or plant	腹部的；腹側的	生物學用語，與 dorsal（背部的）相對，常用於描述動物身體構造。	The fish has distinctive markings on its ventral surface.	這隻魚的腹側表面有明顯的斑紋。
venture	noun	noun	a risky or daring undertaking, especially in business	冒險；創業（事業）	常見 a business venture（創業計畫），強調帶有風險的新事業或行動。	Their new business venture required significant startup capital.	他們的新創業計畫需要大量的創業資金。
venture	verb	verb	to undertake something risky, or to dare to go somewhere	冒險（去做）；敢於前往	常接 venture into/out，強調不顧風險嘗試或前往某處。	Few explorers dared to venture into the uncharted jungle.	很少有探險家敢冒險進入這片未經探勘的叢林。
venue	noun	noun	the place where an event or meeting takes place	場地；地點	常見於活動、比賽、婚禮等安排，如 a wedding venue（婚禮場地）。	They booked a venue for the conference months in advance.	他們提前好幾個月就預訂了這場會議的場地。
verbal	adjective	adjective	relating to or in the form of words, especially spoken rather than written	言語的；口頭的	常見 verbal agreement（口頭協議）、verbal skills（言語表達能力），與 written 相對。	They reached a verbal agreement before signing the contract.	他們在簽約前先達成了口頭協議。
verdict	noun	noun	a decision on a disputed issue in a court case, or an opinion or judgment	裁決；判決；定論	法律用語常見 reach a verdict（做出裁決），也可泛指對某事的整體評價。	The jury reached a guilty verdict after three days of deliberation.	陪審團經過三天的商議後做出了有罪的裁決。
verge	noun	noun	the edge or brink of something, especially a point beyond which something will happen	邊緣；瀕臨	常見 on the verge of（瀕臨……的邊緣），後接 tears、collapse 等，強調即將發生的狀態。	The company was on the verge of bankruptcy last year.	這家公司去年一度瀕臨破產邊緣。
verge	verb	verb	to be close to becoming or being something	接近；瀕於	常接 verge on，如 verge on the absurd（近乎荒謬），語氣書面。	His enthusiasm verged on obsession.	他的熱忱幾乎到了著迷的程度。
verify	verb	verb	to make sure or demonstrate that something is true or accurate	核實；驗證	常見 verify information/identity，強調確認事實或身分的正確性。	Please verify your email address to complete registration.	請驗證您的電子郵件地址以完成註冊。
veritable	adjective	adjective	used to emphasize the aptness of a metaphor or description	名副其實的；真正的	常置於名詞前加強語氣，如 a veritable feast（名副其實的盛宴），語氣帶修辭性。	The buffet was a veritable feast of international cuisine.	這場自助餐堪稱是一場名副其實的國際美食盛宴。
versatile	adjective	adjective	able to adapt or be adapted to many different functions or activities	多才多藝的；用途廣泛的	常修飾 person、tool、material，強調適應多種用途或角色的能力。	She is a versatile actress who can play both comedy and drama.	她是位多才多藝的女演員，喜劇和正劇都能勝任。
verse	noun	noun	writing arranged with a metrical rhythm, or a group of lines in a poem or song	詩；（詩歌或歌曲的）段落	常見 free verse（自由詩），也可指歌曲或聖經中的一節、一段。	He memorized every verse of his favorite poem.	他把自己最喜歡那首詩的每一段都背了下來。
verse	verb	verb	to make someone familiar with a subject through experience or study	使熟悉；使精通	較少見，常見被動語態 be versed in（精通於……），語氣書面正式。	She is well versed in international law.	她非常精通國際法。
vertical	adjective	adjective	at a right angle to a horizontal surface; upright	垂直的；豎直的	與 horizontal（水平的）相對，常見 vertical line/axis，用於幾何、建築等描述。	The climbers scaled a nearly vertical rock face.	這些攀岩者攀爬了一面近乎垂直的岩壁。
vessel	noun	noun	a ship or large boat, or a container for liquid	船隻；容器	常見 a fishing vessel（漁船），也可指盛裝液體的容器，如 a blood vessel（血管）。	The cargo vessel docked at the port early in the morning.	這艘貨船在清晨時分靠了港。
veteran	noun	noun	a person who has had long experience in a particular field, especially former military service	老手；資深人士；退伍軍人	常見 a war veteran（退伍軍人），也可泛指某領域經驗豐富的人，如 a veteran journalist。	The war veteran shared his experiences with the students.	這位退伍軍人和學生們分享了他的經歷。
viability	noun	noun	the ability to work successfully; feasibility	可行性；生存能力	常見 assess the viability of a plan（評估計畫的可行性），語氣正式，多用於商業或科學語境。	Investors questioned the long-term viability of the startup.	投資人質疑這家新創公司長期的可行性。
vibrate	verb	verb	to move with small rapid movements back and forth	震動；顫動	常見 the phone vibrates（手機震動），也可用於物理學描述分子或聲音的振動。	Her phone vibrated silently in her pocket during the meeting.	會議期間，她的手機在口袋裡靜靜地震動著。
vicar	noun	noun	a priest in the Church of England responsible for a parish	（英國國教）教區牧師	英國國教特有職稱，指負責某教區事務的神職人員，文化特定詞彙。	The vicar delivered a moving sermon at Sunday service.	這位教區牧師在週日禮拜中發表了一場動人的講道。
vicious	adjective	adjective	cruel or violent, or (of an animal) dangerously aggressive	兇惡的；惡毒的	常修飾 attack、dog、rumor，強調殘暴或惡意的性質，語氣強烈負面。	The vicious dog attacked the mail carrier.	那隻兇惡的狗攻擊了郵差。
victimize	verb	verb	to single someone out for cruel or unjust treatment	使受害；欺凌	常見被動語態 be victimized，強調因偏見或不公而受到不當對待。	She felt victimized by her coworkers' constant criticism.	她覺得自己因同事持續的批評而受到欺凌。
victor	noun	noun	a person who defeats an enemy or opponent; a winner	勝利者；獲勝者	語氣較 winner 正式，常見於戰爭、比賽等競爭性情境。	History is often written by the victors.	歷史往往是由勝利者所書寫的。
vigorous	adjective	adjective	strong, healthy, and full of energy, or carried out with great physical effort	精力充沛的；強而有力的	常修飾 exercise、debate、defense，強調充滿活力或力道十足的性質。	She gave a vigorous defense of her research findings.	她強而有力地為自己的研究成果辯護。
vile	adjective	adjective	extremely unpleasant or morally bad	惡劣的；可惡的	常修飾 taste、smell、behavior，語氣強烈負面，帶厭惡感。	The medicine had a vile taste that made him gag.	這種藥的味道很難聞，讓他想吐。
vindicate	verb	verb	to clear someone of blame or suspicion, or to prove something to be right	為……洗清罪名；證明……是對的	常見 be vindicated by（因……而被證明無辜或正確），語氣正式。	Years later, new evidence vindicated the wrongly accused man.	多年後，新證據還了這名被冤枉男子的清白。
vine	noun	noun	a climbing or trailing plant, especially one that produces grapes	藤蔓；葡萄藤	常見於農業或植物描述，如 grape vines（葡萄藤），也可泛指攀爬性植物。	They grow grapes on vines along the hillside.	他們在山坡上種植葡萄藤來栽培葡萄。
vinegar	noun	noun	a sour liquid used for flavoring or preserving food, made from fermented alcohol	醋	常見於烹飪語境，如 oil and vinegar（油醋醬），日常食品用語。	She added a splash of vinegar to the salad dressing.	她在沙拉醬裡加了一點醋。
violate	verb	verb	to break or fail to comply with a rule or law, or to fail to respect someone's rights	違反；侵犯	常見 violate a law/rule/privacy，強調不遵守規範或侵害他人權益。	The company violated environmental regulations for years.	這家公司多年來一直違反環保法規。
violation	noun	noun	an act of violating a law, rule, or someone's rights	違反；侵犯（行為）	常見 a violation of human rights（侵犯人權），與 violate 為名詞形式對應。	The inspection revealed several safety violations at the factory.	這次檢查揭露了工廠內數項安全違規事項。
violent	adjective	adjective	using or involving physical force to cause harm, or very intense	暴力的；猛烈的	常修飾 crime、storm、reaction，強調具有破壞性或極端強度的性質。	The city has seen a rise in violent crime this year.	這座城市今年暴力犯罪案件有所上升。
virtual	adjective	adjective	almost or nearly as described, but not completely so, or existing in a computer-simulated form	實質上的；虛擬的	常見 virtual reality（虛擬實境），也可指近乎某狀態但非正式承認，如 a virtual monopoly（實質上的壟斷）。	The company enjoys a virtual monopoly in this market.	這家公司在這個市場中享有實質上的壟斷地位。
virtually	adverb	adverb	almost or nearly; for all practical purposes	幾乎；實際上	常修飾動詞或形容詞，如 virtually impossible（幾乎不可能），強調程度接近完全。	It's virtually impossible to finish the project by tomorrow.	明天之前完成這個專案幾乎是不可能的。
virtue	noun	noun	behavior showing high moral standards, or a good or useful quality	美德；優點	常見 by virtue of（憑藉；由於），也可泛指值得稱讚的特質，如 patience is a virtue。	Patience is considered a virtue in many cultures.	在許多文化中，耐心都被視為一種美德。
virtuous	adjective	adjective	having or showing high moral standards	有德行的；善良的	常修飾 person、behavior，強調品行端正、合乎道德的性質，語氣正式。	He was known as a virtuous and honest leader.	他以德行高尚、誠實正直的領袖形象著稱。
virulent	adjective	adjective	extremely severe or harmful in its effects, or (of a disease) highly infectious	劇毒的；致命的；（言論）惡毒的	字面義指病原體高度致病或傳染；比喻用法可形容言語極具攻擊性，如 virulent criticism。	The virulent strain of flu spread rapidly through the city.	這種致命的流感病毒株迅速在城市中蔓延開來。
virus	noun	noun	a microorganism that causes disease, or a piece of malicious computer code	病毒（生物或電腦）	常見於醫學或資訊科技語境，如 a computer virus（電腦病毒），依語境判斷指涉對象。	The antivirus software detected and removed the virus.	這款防毒軟體偵測並移除了這個病毒。
visa	noun	noun	an official document or stamp permitting entry into a country	簽證	常見 apply for a visa、a tourist visa，指政府核發允許入境的官方文件。	She applied for a student visa to study abroad.	她申請了學生簽證以出國留學。
visceral	adjective	adjective	relating to deep inward feelings rather than reason; instinctive	發自內心的；本能的	常修飾 reaction、fear，強調不經理性思考、直接源於本能的強烈感受，語氣書面。	The film provoked a visceral reaction of fear in the audience.	這部電影引發了觀眾發自內心的恐懼反應。
visual	adjective	adjective	relating to seeing or sight	視覺的；視力的	常見 visual aid（視覺輔助教材）、visual effects（視覺效果），泛指與觀看相關的事物。	The presentation included several visual aids to explain the data.	這場簡報使用了數種視覺輔助教材來說明數據。
vital	adjective	adjective	absolutely necessary or essential; full of energy	極重要的；充滿活力的	常見 vital importance/role，強調不可或缺，也可形容人朝氣蓬勃，如 vital and energetic。	Clean water is vital to public health.	乾淨的水對公共衛生極為重要。
vivid	adjective	adjective	producing powerful feelings or clear images in the mind, or (of color) very bright	生動的；鮮明的	常修飾 memory、description、color，強調清晰、逼真或色彩鮮豔的性質。	She has a vivid memory of her first day at school.	她對開學第一天有著非常生動鮮明的記憶。
vocabulary	noun	noun	the body of words used in a particular language or by a particular person	詞彙；語彙	常見 expand one's vocabulary（擴充詞彙量），語言學習常用詞。	Reading widely helps expand your English vocabulary.	廣泛閱讀有助於擴充你的英文詞彙量。
vocal	adjective	adjective	relating to the human voice, or expressing opinions loudly and forcefully	聲音的；直言不諱的	常見 vocal cords（聲帶），也可形容人敢於公開表達意見，如 a vocal critic。	She has been a vocal critic of the new policy.	她一直是這項新政策的直言不諱的批評者。
vocational	adjective	adjective	relating to training for a particular job or career	職業的；技職的	常見 vocational training/school（職業訓練／技職學校），強調與特定職業技能相關。	He enrolled in a vocational school to learn welding.	他進入一所技職學校學習焊接技術。
volatile	adjective_unstable	adjective	likely to change unpredictably, especially becoming worse or more dangerous	不穩定的；動盪的	常修飾 market、situation、mood，強調容易劇烈變化且難以預測，語氣書面。	The stock market remained highly volatile throughout the week.	整週股市一直維持高度不穩定的狀態。
volatile	adjective_chemistry	adjective	(of a substance) evaporating readily at normal temperatures	易揮發的	化學用語，指物質在常溫下容易蒸發，常見 volatile organic compounds。	Volatile chemicals should be stored in a well-ventilated area.	易揮發的化學物質應存放在通風良好的地方。
volcanic	adjective	adjective	relating to or produced by a volcano	火山的	常見 volcanic eruption/ash，泛指與火山活動相關的事物或現象。	The island was formed entirely by volcanic activity.	這座島嶼完全是由火山活動所形成的。
volcano	noun	noun	a mountain or hill with an opening through which lava erupts	火山	常見 an active/dormant volcano（活火山／休眠火山），地理學基本詞彙。	The volcano erupted, sending ash miles into the sky.	這座火山爆發，將火山灰噴發到數英里高的天空中。
volley	noun	noun	a number of things thrown or fired at the same time, or a hit in tennis before the ball bounces	齊射；（網球）截擊	字面義指同時射出的多枚炮彈或箭矢；體育用語則指球未落地前擊出。	He returned the serve with a powerful volley at the net.	他在網前用一記有力的截擊回擊了這記發球。
volley	verb	verb	to hit a ball before it touches the ground, or to fire or throw many things at once	截擊（球）；齊射	網球等運動中常見動作，也可指同時發射多發武器。	She volleyed the ball back over the net with ease.	她輕鬆地將球截擊回網子的另一邊。
voltage	noun	noun	the force that drives an electric current, measured in volts	電壓	電學基本詞彙，常見 high/low voltage，用於描述電力系統或設備規格。	The device requires a stable voltage to operate safely.	這個裝置需要穩定的電壓才能安全運作。
voluminous	adjective	adjective	occupying or containing a large amount of space; large in volume	龐大的；大量的	常修飾 clothing（寬鬆蓬鬆的衣物）或 notes、correspondence（大量的文件、信件），語氣書面。	She wore a voluminous skirt that swirled as she danced.	她穿著一件寬大蓬鬆的裙子，跳舞時裙擺翩翩飛揚。
voluntary	adjective	adjective	done or given willingly, without being forced or paid	自願的；志願的	常見 voluntary work（志願服務），與 compulsory（強制的）相對。	She spends her weekends doing voluntary work at the shelter.	她週末都在收容所做志願服務工作。
volunteer	noun	noun	a person who freely offers to do something, especially unpaid work	志工；自願者	常見 work as a volunteer，指主動且通常無償提供協助的人。	Hundreds of volunteers helped clean up the beach after the storm.	暴風雨過後，數百名志工協助清理了這片海灘。
volunteer	verb	verb	to freely offer to do something, especially without payment	自願（做某事）	常接 volunteer to do something 或 volunteer for，強調主動、不求回報的行為。	He volunteered to stay late and finish the report.	他自願留下來加班完成這份報告。
vomit	verb	verb	to eject the contents of the stomach through the mouth	嘔吐	常見 vomit blood/food，日常醫學用語，描述生理反應。	The child vomited after eating too much candy.	這個孩子吃了太多糖果後嘔吐了。
vomit	noun	noun	matter ejected from the stomach through the mouth	嘔吐物	字面指嘔吐時排出的物質，常見於醫療或清潔描述情境。	The nurse cleaned up the vomit from the hospital floor.	護理師清理了醫院地板上的嘔吐物。
voracious	adjective	adjective	having a very eager approach to an activity, especially eating	貪吃的；如飢似渴的	常見 a voracious reader/appetite，強調對食物或活動有強烈且難以滿足的慾望。	She is a voracious reader who finishes a novel every week.	她是個如飢似渴的讀者，每週都能讀完一本小說。
voucher	noun	noun	a document that can be exchanged for goods or services, or that entitles the holder to a discount	禮券；優惠券	常見 a gift voucher（禮券）、a discount voucher（折價券），商業消費常用詞。	She received a gift voucher for her birthday.	她收到了一張生日禮券作為禮物。
vulnerable	adjective	adjective	exposed to the possibility of being attacked or harmed, physically or emotionally	易受傷害的；脆弱的	常見 vulnerable to attack/criticism，強調缺乏保護、容易受到傷害的狀態。	Elderly people are more vulnerable to complications from the flu.	老年人更容易因流感而出現併發症。
waft	verb	verb	to pass or cause to pass easily or gently through the air	飄散；飄浮	常接 waft through the air，多用於描述氣味或聲音輕柔地傳來，語氣文學性。	The smell of fresh bread wafted through the kitchen.	新鮮麵包的香氣飄散在廚房裡。
wagon	noun	noun	a four-wheeled vehicle for transporting goods, often pulled by animals	貨車；篷車	常見於歷史或鄉村情境，如 a covered wagon（篷車），泛指運貨用車輛。	Settlers traveled west in covered wagons pulled by oxen.	移民者乘坐由牛拉的篷車向西遷徙。
wail	verb	verb	to make a long, loud cry of pain, grief, or anger	哀號；痛哭	常見 wail in grief/pain，強調因悲傷或痛苦而發出的高聲哭喊，語氣強烈。	The baby wailed loudly until she was fed.	嬰兒放聲大哭，直到被餵飽為止。
waist	noun	noun	the part of the human body between the ribs and hips	腰；腰部	常見 wrap one's arms around someone's waist，也用於服裝尺寸描述，如 waist size。	He wrapped a belt tightly around his waist.	他把腰帶緊緊繫在腰上。
waiter	noun	noun	a man who serves food and drinks in a restaurant	（男）服務生	常見於餐廳情境，與 waitress（女服務生）相對，職業用語。	The waiter recommended the chef's special for dinner.	這位服務生推薦了主廚的晚餐特餐。
waitress	noun	noun	a woman who serves food and drinks in a restaurant	女服務生	常見於餐廳情境，與 waiter 為對應的性別用語，現今也常用 server 取代兩者。	The waitress refilled our glasses with water.	這位女服務生為我們的杯子續了水。
wallow	verb	verb	to lie or roll around in mud or water, or to indulge excessively in an emotion	打滾（於泥水中）；沉溺（於情緒）	字面義指動物在泥水中打滾；比喻用法如 wallow in self-pity（沉溺於自憐）。	He tends to wallow in self-pity after every setback.	他每次遭遇挫折後都容易陷入自憐之中。
wander	verb	verb	to walk around slowly without a fixed destination	閒逛；漫遊	常接 wander around/through，也可比喻指思緒飄移，如 his mind wandered。	They wandered through the old town for hours.	他們在這座老城區閒逛了好幾個小時。
ward	noun	noun	a separate room or area in a hospital, or a child under the protection of a guardian	（醫院）病房；被監護人	常見 a hospital ward（醫院病房），法律上也可指受監護的未成年人。	The patient was moved to a private ward after surgery.	這名病患術後被轉送到一間單人病房。
warden	noun	noun	an official responsible for supervising a particular place or activity	管理員；典獄長	常見 a prison warden（典獄長）、a traffic warden（交通督導員），依語境所指職責不同。	The prison warden enforced strict rules for all inmates.	這位典獄長對所有囚犯執行嚴格的規定。
wardrobe	noun	noun	a large cupboard for storing clothes, or a person's entire collection of clothes	衣櫃；（全部）衣服	常見 a walk-in wardrobe（步入式衣櫃），也可泛指某人所有的衣物，如 update one's wardrobe。	She organized her wardrobe by color.	她按顏色整理了自己的衣櫃。
warehouse	noun	noun	a large building for storing goods before they are sold or distributed	倉庫	常見 a storage warehouse，指用來存放貨物的大型建築，商業或物流用語。	The goods were kept in a warehouse before shipping.	這些貨物在出貨前被存放在一座倉庫裡。
warehouse	verb	verb	to store goods in a warehouse	把（貨物）存入倉庫	較少見，多用於物流或商業書面語境，強調將貨物存放的動作。	The company warehouses excess inventory near the port.	這家公司把多餘的庫存存放在港口附近的倉庫裡。
warfare	noun	noun	the activity of fighting a war, especially using particular weapons or methods	戰爭；作戰	常見 chemical warfare（化學戰）、guerrilla warfare（游擊戰），強調戰爭的方式或型態。	The two nations engaged in prolonged guerrilla warfare.	這兩個國家陷入了長期的游擊戰。
warrant	noun	noun	a legal document authorizing a specific action, such as an arrest or search	（逮捕、搜索）令狀	常見 a search warrant（搜索令）、an arrest warrant（逮捕令），法律正式用語。	Police obtained a warrant to search the suspect's house.	警方取得了搜索令以搜查嫌疑人的住所。
warranty	noun	noun	a written guarantee promising to repair or replace a product if necessary	保固；保證書	常見 under warranty（在保固期內），商業消費常用詞，與 warrant 拼法相近但意義不同。	The laptop comes with a two-year warranty.	這台筆記型電腦附有兩年保固。
warrior	noun	noun	a person who fights in a battle; a brave or experienced fighter	戰士；勇士	常見於歷史、文學情境，如 a fierce warrior，也可比喻指堅強奮鬥的人。	The ancient warriors were honored with a grand ceremony.	這些古代戰士獲得了一場盛大的儀式來表彰。
wary	adjective	adjective	feeling or showing caution about possible dangers or problems	謹慎的；提防的	常接 wary of，強調對潛在風險或問題保持警覺，語氣中性偏正式。	Investors remained wary of the volatile market.	投資人對這個動盪的市場依然保持謹慎。
waver	verb	verb	to be uncertain or hesitate between different opinions or actions	動搖；猶豫	常見 waver in one's resolve/support，強調決心或立場的不穩固，語氣書面。	His support for the plan began to waver under pressure.	在壓力之下，他對這項計畫的支持開始動搖。
waver	noun	noun	an unsteady or trembling movement, especially in one's voice	顫抖；動搖	較少見，常指聲音或動作的不穩定，如 a waver in her voice。	There was a slight waver in her voice as she spoke.	她說話時聲音略帶顫抖。
wean	verb	verb	to accustom a baby or young animal to food other than its mother's milk, or to make someone gradually stop relying on something	使斷奶；使戒除（依賴）	字面義指嬰兒斷奶；比喻用法如 wean someone off（讓某人逐漸戒除依賴）。	She is trying to wean her toddler off the pacifier.	她正試著讓幼兒戒掉奶嘴。
weary	adjective	adjective	feeling or showing extreme tiredness, especially after a long period of exertion	疲倦的；厭倦的	常接 weary of（對……感到厭倦），也可形容身體上的疲累，如 weary travelers。	After the long journey, the weary travelers finally reached home.	經過漫長的旅途，這些疲憊的旅人終於到家了。
weary	verb	verb	to become or make someone tired or bored	使疲倦；使厭煩	常接 weary of，強調因長時間承受或重複而感到疲乏或厭倦。	She grew weary of his constant complaints.	她對他不斷的抱怨感到厭煩。
weave	verb	verb	to form fabric by interlacing threads, or to move in a winding pattern	編織；穿梭	字面義指織布；比喻用法如 weave through traffic（在車陣中穿梭）。	The cyclist weaved skillfully through the busy traffic.	這名自行車騎士熟練地在繁忙的車陣中穿梭。
weave	noun	noun	the way in which threads are woven together in fabric	織法；編織方式	較少見，指布料經緯線交織的方式或紋理，常見於紡織業描述。	The scarf has a tight, intricate weave.	這條圍巾有著細密精緻的織法。
wedge	noun	noun	a piece of material with a pointed edge, thick at one end and thin at the other, used to secure or split something	楔子；三角形之物	常見 a wedge of cheese/cake（一角起司／蛋糕），也可指用來固定或分開物體的三角工具。	He used a wedge to keep the door open.	他用了一個楔子讓門保持開啟。
wedge	verb	verb	to fix something firmly in place with a wedge or by force	楔入；塞緊	常接 wedge something into/between，強調用力將物體固定或塞入狹小空間。	She wedged a book under the wobbly table leg.	她在搖晃的桌腳下塞了一本書來墊穩。
weep	verb	verb	to cry, especially silently or quietly	哭泣；流淚	語氣較 cry 更文學正式，常見 weep for joy/grief，強調情感深切的哭泣。	She wept quietly at the funeral.	她在葬禮上靜靜地哭泣。
weird	adjective	adjective	strange or unusual, especially in an unsettling way	怪異的；詭異的	口語常用詞，形容不尋常、令人感到不安或難以理解的事物。	There was something weird about the way he acted.	他的舉止有種說不出的怪異感。
welfare	noun	noun	the health, happiness, and safety of a person, or financial assistance given by the government to those in need	福祉；福利（金）	常見 child welfare（兒童福祉）、welfare benefits（社會福利金），依語境略有不同。	The organization works to improve the welfare of stray animals.	這個組織致力於改善流浪動物的福祉。
wetland	noun	noun	an area of land saturated with water, such as a marsh or swamp	濕地	生態學用語，常見 wetland conservation（濕地保育），泛指沼澤等長期積水的區域。	The wetland is home to many rare bird species.	這片濕地是許多稀有鳥類的棲息地。
whereby	adverb	adverb	by which; through which	藉以；憑藉（此）	正式書面用語，常見於法律或學術文件，引導子句說明方式或途徑。	They signed an agreement whereby both parties share the profits.	他們簽訂了一份協議，藉此讓雙方共享利潤。
whiff	noun	noun	a slight or brief smell of something	一絲氣味；一點跡象	常接 a whiff of，字面指淡淡的氣味，也可比喻指些微跡象，如 a whiff of scandal。	She caught a whiff of perfume as he walked by.	他走過時，她聞到了一絲香水味。
whiff	verb	verb	to have or produce a slight smell of something	散發出（淡淡的）氣味	較少見，常接 whiff of，強調輕微氣味的散發，語氣口語。	The kitchen whiffed of freshly baked bread.	廚房裡飄散著剛烤好麵包的香氣。
whimsical	adjective	adjective	playfully quaint or fanciful, especially in an appealing or amusing way	異想天開的；奇特有趣的	常修飾 design、story、person，強調帶有想像力和趣味性但不失怪誕的風格。	The children's book had a whimsical illustration style.	這本童書有著異想天開的插畫風格。
whip	noun	noun	a length of leather or cord used for driving animals or as punishment	鞭子	常見 crack a whip（甩鞭子），也可比喻指政黨中負責督導黨紀的人（政治用語 party whip）。	The rider cracked the whip to urge the horse forward.	騎士甩動鞭子催促馬兒向前奔跑。
whisper	noun	noun	a soft, quiet voice or sound, or a piece of gossip	耳語；低語聲；謠言	常見 speak in a whisper（用耳語說話），也可指未經證實的傳言，如 whispers of a merger。	She spoke in a whisper so as not to wake the baby.	她用耳語說話以免吵醒嬰兒。
whisper	verb	verb	to speak very quietly using one's breath rather than one's throat	低聲說；耳語	常接 whisper something to someone，強調壓低聲音、不使他人聽見的說話方式。	He whispered the secret into her ear.	他在她耳邊低聲說出了這個秘密。
whistle	noun	noun	a device used to produce a shrill sound, or the sound itself	哨子；哨聲	常見 blow a whistle（吹哨），字面指器具，也指其發出的聲音本身。	The referee blew his whistle to signal the foul.	裁判吹響哨子示意犯規。
whittle	verb	verb	to carve wood by cutting small slices from it, or to gradually reduce something	削（木頭）；逐漸削減	字面義指用刀削木頭；比喻用法如 whittle down a list（逐步縮減清單）。	He whittled a small figure out of a piece of wood.	他用一塊木頭削出了一個小雕像。
wholesome	adjective	adjective	conducive to or promoting physical, mental, or moral well-being	有益健康的；正派的	常修飾 food、entertainment、lifestyle，強調對身心有益且合乎道德的性質。	The film promotes wholesome family values.	這部電影提倡有益身心的家庭價值觀。
wicked	adjective	adjective	morally wrong or bad, or (informal) excellent	邪惡的；（口語）超讚的	傳統義指道德敗壞；現代口語中也可作正面誇獎，如 that's wicked!（那太酷了！）。	The wicked witch cast a curse on the village.	這名邪惡的女巫對這座村莊下了詛咒。
widespread	adjective	adjective	found or distributed over a large area or number of people	廣泛的；普遍的	常修飾 belief、damage、use，強調影響範圍或分布程度極廣，語氣書面。	The disease caused widespread panic across the country.	這場疾病在全國引發了廣泛的恐慌。
widow	noun	noun	a woman whose spouse has died and who has not remarried	寡婦	常見於法律或社會描述，指配偶去世且尚未再婚的女性。	She became a widow at a young age after her husband's accident.	她在丈夫因意外過世後，年紀輕輕就成了寡婦。
widow	verb	verb	to cause someone to become a widow or widower	使守寡；使喪偶	較少見，常見被動語態 be widowed，指因配偶死亡而成為寡婦或鰥夫。	She was widowed after only five years of marriage.	她結婚僅五年就喪偶了。
width	noun	noun	the measurement or extent of something from side to side	寬度	常見 width and length（寬與長），日常度量用語，與 length、height 並列。	Please measure the width of the doorway before buying the sofa.	買沙發之前請先測量一下這扇門的寬度。
wilderness	noun	noun	an uncultivated, uninhabited region, especially a wild natural area	荒野；未開發之地	常見 an untouched wilderness，強調人跡罕至、未經開發的自然環境。	They hiked through miles of untouched wilderness.	他們徒步穿越了數英里未經開發的荒野。
wildlife	noun	noun	animals living wild in a natural environment	野生動物	集合名詞，常見 wildlife conservation（野生動物保育），泛指自然環境中的動物。	The national park is known for its diverse wildlife.	這座國家公園以其多樣的野生動物聞名。
willful	adjective	adjective	deliberate or intentional, especially when causing harm, or stubbornly determined to have one's own way	蓄意的；任性固執的	常修飾 misconduct（蓄意的不當行為），也可形容人固執己見、不聽勸阻。	The judge ruled it a case of willful negligence.	法官裁定這是一起蓄意疏失的案件。
wilt	verb	verb	(of a plant) to become limp through heat or lack of water, or (of a person) to lose energy	（植物）枯萎；（人）精神萎靡	字面義指植物因缺水或高溫而萎蔫；比喻用法可形容人失去活力或信心。	The flowers wilted in the afternoon heat.	這些花在下午的高溫下枯萎了。
wilt	noun	noun	a plant disease causing wilting, or an instance of wilting	枯萎（病）	較少見，多用於植物病理學情境，指導致植物萎蔫的病害或狀態。	The plants showed early signs of wilt disease.	這些植物顯現出枯萎病的早期徵兆。
wince	verb	verb	to make a slight involuntary movement of the face in pain or distress	（因痛苦而）畏縮；皺眉	常接 wince at/with pain，強調因疼痛或不悅而做出的短暫表情反應。	He winced as the nurse gave him the injection.	護理師為他注射時，他不禁畏縮了一下。
wince	noun	noun	a slight involuntary facial movement expressing pain or distress	（痛苦的）畏縮表情	較少見，指因疼痛或不悅而產生的短暫表情，常與 wince 動詞搭配使用。	She gave a wince as she stepped on the broken glass.	她踩到碎玻璃時露出了痛苦畏縮的表情。
wistful	adjective	adjective	having or showing a feeling of vague or regretful longing	若有所思的；惆悵的	常修飾 look、smile，強調帶有淡淡遺憾或懷念之情的神態，語氣文學性。	She gave a wistful smile as she recalled her childhood.	她回想起童年時露出了若有所思的微笑。
witch	noun	noun	a woman thought to have magic powers, especially evil ones	女巫	常見於童話或傳說情境，如 a wicked witch，也可比喻指令人畏懼的女性（帶貶義，較少見）。	In the fairy tale, the witch lived in a candy house.	在這個童話故事裡，女巫住在一棟糖果屋裡。
withdraw	verb	verb	to remove or take something back, or to leave a place or activity	撤回；提取（款項）；退出	常見 withdraw money（提款）、withdraw from a competition（退出比賽），依語境有不同用法。	She withdrew a large sum of cash from her account.	她從帳戶裡提領了一大筆現金。
withdrawal	noun	noun	the act of withdrawing, especially money from an account or from a substance one is addicted to	提款；撤回；戒斷（症狀）	常見 a cash withdrawal（提款）、withdrawal symptoms（戒斷症狀），依語境指涉不同。	He made a withdrawal from the ATM before the trip.	他在旅行前從自動提款機領了錢。
withhold	verb	verb	to refuse to give something that is due or requested	扣留；保留（不給）	常見 withhold information/payment，強調故意不提供應給予的事物，語氣正式。	The company withheld payment until the work was completed.	這家公司在工作完成之前一直扣留款項不付。
witness	noun	noun	a person who sees an event, especially a crime, or someone who gives evidence in court	目擊者；證人	常見 an eyewitness（目擊證人），法律及日常情境皆常見。	The witness described the suspect to the police.	這名目擊者向警方描述了嫌疑人的樣貌。
wobble	verb	verb	to move unsteadily from side to side	搖晃；晃動	常見 the table wobbles，也可比喻指決心或立場的不穩固，如 her voice wobbled。	The old chair wobbled every time he sat down.	他每次坐下時，那張舊椅子都會搖晃。
wobble	noun	noun	an unsteady movement from side to side	搖晃；不穩定的擺動	較少見，指物體或聲音不穩定的擺動狀態，與動詞用法對應。	There's a slight wobble in the front wheel of the bike.	這輛腳踏車的前輪有點輕微的搖晃。
wool	noun	noun	the fine soft curly hair forming the coat of a sheep or goat, or fabric made from this	羊毛；羊毛製品	常見 pure wool（純羊毛）、a wool sweater（羊毛衣），紡織品常用材質詞。	This sweater is made of pure merino wool.	這件毛衣是用純美麗諾羊毛製成的。
worldwide	adjective	adjective	extending or applying throughout the world	全球性的；世界性的	常修飾 phenomenon、network、sales，強調範圍涵蓋全世界，語氣中性書面。	The company has a worldwide network of distributors.	這家公司擁有一個遍布全球的經銷商網絡。
worm	noun	noun	a long, thin, soft-bodied invertebrate animal with no limbs, or a type of computer malware	蟲；蠕蟲（電腦病毒）	字面義指無足軟體動物；資訊科技語境則指自我複製的惡意程式。	The gardener found several worms while digging in the soil.	這位園丁在挖土時發現了好幾條蟲。
worship	noun	noun	the feeling or expression of reverence and adoration for a deity	崇拜；敬拜	常見 places of worship（禮拜場所），宗教語境常用詞，也可比喻指過度崇拜某人。	They gathered at the temple for worship every Sunday.	他們每週日都聚集在寺廟裡進行敬拜。
worship	verb	verb	to show reverence and adoration for a deity, or to admire someone excessively	敬拜；崇拜	常見 worship God，也可比喻指過度崇拜某人，如 worship a celebrity。	Millions of pilgrims travel each year to worship at the shrine.	每年有數百萬朝聖者前往這座聖殿敬拜。
worthwhile	adjective	adjective	worth the time, money, or effort spent; useful or beneficial	值得的；有意義的	常接 it's worthwhile to do something，強調投入的心力或資源能獲得相應的價值。	Learning a new language is always worthwhile.	學習一門新語言永遠是值得的。
worthy	noun	noun	a person who is important or notable, often used ironically	（常帶諷刺意味的）名人；顯要人物	較少見，多帶輕微諷刺或戲謔語氣，指自認重要或受尊崇的人物。	Local worthies gathered for the ribbon-cutting ceremony.	當地的顯要人物齊聚一堂參加剪綵儀式。
worthy	adjective	adjective	deserving effort, attention, or respect	值得的；配得上的	常接 worthy of，強調某事物或某人應得的尊重或關注，語氣正式。	Her achievements are worthy of recognition.	她的成就值得受到肯定。
wrap	noun	noun	a piece of material used for wrapping something, or a type of sandwich rolled in a flatbread	包裝材料；捲餅（三明治）	字面義指用來包裹物品的材料；食物語境則指用薄餅捲起的三明治。	She ordered a chicken wrap for lunch.	她點了一份雞肉捲餅當午餐。
wrap	verb	verb	to cover something by folding or winding material around it	包裹；包裝	常見 wrap a gift（包裝禮物），也可比喻指圍繞或包覆某物。	She wrapped the present in colorful paper.	她用彩色的紙包裝了這份禮物。
wreak	verb	verb	to cause a large amount of damage or harm	造成（嚴重傷害或破壞）	常見固定搭配 wreak havoc（造成大混亂），語氣書面，幾乎只與 havoc、damage 等詞連用。	The storm wreaked havoc on the coastal town.	這場暴風雨對這座沿海小鎮造成了嚴重破壞。
wrench	noun	noun	a tool for gripping and turning nuts and bolts, or a sudden violent twist, or a painful feeling of loss	扳手；猛扭；（離別的）痛楚	字面義指工具或動作；比喻用法指離別造成的情感痛苦，如 it was a wrench to leave。	Leaving her hometown was a real wrench for her.	離開故鄉對她來說真的是件痛苦的事。
wrench	verb	verb	to pull or twist something suddenly and violently	猛拉；扭傷	常見 wrench something free/open，也可指身體部位扭傷，如 wrench one's ankle。	He wrenched the door open with all his strength.	他用盡全力猛力把門扭開。
wrestle	verb	verb	to fight by grappling with an opponent, or to struggle to deal with a difficult issue	摔角；搏鬥；努力應付（難題）	字面義指運動摔角；比喻用法如 wrestle with a decision（為某個決定苦惱掙扎）。	She wrestled with the decision for weeks before quitting her job.	在辭職之前，她為這個決定苦惱掙扎了好幾個星期。
wrestle	noun	noun	a fight or contest involving grappling with an opponent	摔角比賽；搏鬥	較少見，指摔角這項運動或一場搏鬥的過程，與動詞用法對應。	The two boys had a friendly wrestle in the yard.	這兩個男孩在院子裡進行了一場友善的摔角。
wrist	noun	noun	the joint connecting the hand with the forearm	手腕	常見 sprain one's wrist（扭傷手腕），日常身體部位用詞。	She sprained her wrist while playing tennis.	她打網球時扭傷了手腕。
yacht	noun	noun	a medium-sized sailing boat used for racing or cruising	遊艇；帆船	常見 sail a yacht，多與休閒航海或富裕生活方式連結。	They spent the summer sailing their yacht around the coast.	他們整個夏天都駕著遊艇沿海岸航行。
yacht	verb	verb	to sail or cruise in a yacht	駕遊艇航行	較少見，動詞用法，指乘坐遊艇進行航行或度假的活動。	They yachted along the Mediterranean coast for two weeks.	他們沿著地中海海岸駕遊艇航行了兩週。
yell	verb	verb	to shout loudly, especially in anger, pain, or excitement	大叫；吼叫	常接 yell at someone，強調因情緒激動而發出的大聲喊叫，語氣強烈。	He yelled at the driver who cut him off.	他對那個超車搶道的駕駛大吼。
yield	noun	noun	the amount produced of a crop, product, or investment	產量；收益	常見 crop yield（作物產量）、bond yield（債券收益率），農業與財務用語。	Farmers reported a higher yield this harvest season.	農民表示這個收穫季的產量較高。
yield	verb	verb	to produce or provide something, or to give way to pressure or demand	產生；讓步	常見 yield a profit（產生利潤）、yield to pressure（屈服於壓力），依語境不同。	The negotiations finally yielded a compromise.	這場談判最終產生了一項折衷方案。
youngster	noun	noun	a young person or child	年輕人；小孩	口語用詞，泛指兒童或青少年，語氣親切隨意，常見於日常對話。	The youngsters played happily in the park all afternoon.	這些小孩整個下午都在公園裡開心地玩耍。
zealot	noun	noun	a person who is fanatical and uncompromising in pursuit of their beliefs	狂熱分子；激進份子	常帶負面意味，形容對信仰或理念過度執著、不知變通的人，語氣書面正式。	The religious zealot refused to consider any other viewpoint.	這名宗教狂熱分子拒絕考慮任何其他觀點。
zone	noun	noun	an area or region with particular characteristics or boundaries	區域；地帶	常見 a time zone（時區）、a war zone（戰區），泛指具有特定性質或界線的區域。	The city created a pedestrian-only zone downtown.	這座城市在市中心規劃了一個行人專用區。
